endpoint,state,zipcode
longTermCareR4,Alaska,99546
longTermCareR4,Alaska,99689
longTermCareR4,Alaska,99840
longTermCareR4,Alaska,99929
longTermCareR4,Alaska,99801
longTermCareR4,Alaska,99918
longTermCareR4,Alaska,99901
longTermCareR4,Alaska,99554
longTermCareR4,Alaska,99731
longTermCareR4,Alaska,99704
longTermCareR4,Alaska,99555
longTermCareR4,Alaska,99727
longTermCareR4,Alaska,99830
longTermCareR4,Alaska,99545
longTermCareR4,Alaska,99623
longTermCareR4,Alaska,99721
longTermCareR4,Alaska,99556
longTermCareR4,Alaska,99820
longTermCareR4,Alaska,99835
longTermCareR4,Alaska,99558
longTermCareR4,Alaska,99701
longTermCareR4,Alaska,99548
longTermCareR4,Alaska,99613
longTermCareR4,Alaska,99827
longTermCareR4,Alaska,99566
longTermCareR4,Alaska,99553
longTermCareR4,Alaska,99550
longTermCareR4,Alaska,99659
longTermCareR4,Alaska,99501
longTermCareR4,Alabama,35111
longTermCareR4,Alabama,35072
longTermCareR4,Alabama,36029
longTermCareR4,Alabama,35082
longTermCareR4,Alabama,35034
longTermCareR4,Alabama,36061
longTermCareR4,Alabama,36005
longTermCareR4,Alabama,36015
longTermCareR4,Alabama,35441
longTermCareR4,Alabama,36904
longTermCareR4,Alabama,35010
longTermCareR4,Alabama,35443
longTermCareR4,Alabama,35016
longTermCareR4,Alabama,35014
longTermCareR4,Alabama,36261
longTermCareR4,Alabama,35618
longTermCareR4,Alabama,35610
longTermCareR4,Alabama,35542
longTermCareR4,Alabama,35038
longTermCareR4,Alabama,35013
longTermCareR4,Alabama,35959
longTermCareR4,Alabama,36003
longTermCareR4,Alabama,35611
longTermCareR4,Alabama,36435
longTermCareR4,Alabama,35459
longTermCareR4,Alabama,35540
longTermCareR4,Alabama,36854
longTermCareR4,Alabama,36801
longTermCareR4,Alabama,36013
longTermCareR4,Alabama,35019
longTermCareR4,Alabama,35045
longTermCareR4,Alabama,35961
longTermCareR4,Alabama,36401
longTermCareR4,Alabama,36032
longTermCareR4,Alabama,36756
longTermCareR4,Alabama,35901
longTermCareR4,Alabama,36020
longTermCareR4,Alabama,36507
longTermCareR4,Alabama,36301
longTermCareR4,Alabama,35741
longTermCareR4,Alabama,35616
longTermCareR4,Alabama,35740
longTermCareR4,Alabama,36425
longTermCareR4,Alabama,36009
longTermCareR4,Alabama,35543
longTermCareR4,Alabama,36201
longTermCareR4,Alabama,36263
longTermCareR4,Alabama,36426
longTermCareR4,Alabama,35544
longTermCareR4,Alabama,36311
longTermCareR4,Alabama,35601
longTermCareR4,Alabama,36851
longTermCareR4,Alabama,35571
longTermCareR4,Alabama,36732
longTermCareR4,Alabama,36513
longTermCareR4,Alabama,36436
longTermCareR4,Alabama,36313
longTermCareR4,Alabama,36016
longTermCareR4,Alabama,36505
longTermCareR4,Alabama,36323
longTermCareR4,Alabama,35442
longTermCareR4,Alabama,36701
longTermCareR4,Alabama,35004
longTermCareR4,Alabama,35007
longTermCareR4,Alabama,36310
longTermCareR4,Alabama,35005
longTermCareR4,Alabama,36028
longTermCareR4,Arkansas,72354
longTermCareR4,Arkansas,72820
longTermCareR4,Arkansas,72801
longTermCareR4,Arkansas,72002
longTermCareR4,Arkansas,71724
longTermCareR4,Arkansas,71740
longTermCareR4,Arkansas,71630
longTermCareR4,Arkansas,71929
longTermCareR4,Arkansas,72301
longTermCareR4,Arkansas,71932
longTermCareR4,Arkansas,72413
longTermCareR4,Arkansas,72017
longTermCareR4,Arkansas,71935
longTermCareR4,Arkansas,71820
longTermCareR4,Arkansas,71601
longTermCareR4,Arkansas,72611
longTermCareR4,Arkansas,72830
longTermCareR4,Arkansas,72324
longTermCareR4,Arkansas,71638
longTermCareR4,Arkansas,72051
longTermCareR4,Arkansas,72310
longTermCareR4,Arkansas,72636
longTermCareR4,Arkansas,72007
longTermCareR4,Arkansas,71922
longTermCareR4,Arkansas,72531
longTermCareR4,Arkansas,72013
longTermCareR4,Arkansas,72053
longTermCareR4,Arkansas,72322
longTermCareR4,Arkansas,72010
longTermCareR4,Arkansas,72422
longTermCareR4,Arkansas,72032
longTermCareR4,Arkansas,72001
longTermCareR4,Arkansas,72921
longTermCareR4,Arkansas,72826
longTermCareR4,Arkansas,72410
longTermCareR4,Arkansas,71744
longTermCareR4,Arkansas,72312
longTermCareR4,Arkansas,72482
longTermCareR4,Arkansas,72401
longTermCareR4,Arkansas,72512
longTermCareR4,Arkansas,71826
longTermCareR4,Arkansas,72412
longTermCareR4,Arkansas,72901
longTermCareR4,Arkansas,72021
longTermCareR4,Arkansas,72165
longTermCareR4,Arkansas,71833
longTermCareR4,Arkansas,72044
longTermCareR4,Arkansas,71652
longTermCareR4,Arkansas,72003
longTermCareR4,Arkansas,72824
longTermCareR4,Arkansas,72711
longTermCareR4,Arkansas,71721
longTermCareR4,Arkansas,72721
longTermCareR4,Arkansas,71801
longTermCareR4,Arkansas,72619
longTermCareR4,Arkansas,72005
longTermCareR4,Arkansas,71901
longTermCareR4,Arkansas,71725
longTermCareR4,Arkansas,71701
longTermCareR4,Arkansas,71655
longTermCareR4,Arkansas,72311
longTermCareR4,Arkansas,71722
longTermCareR4,Arkansas,72841
longTermCareR4,Arkansas,72701
longTermCareR4,Arkansas,72027
longTermCareR4,Arkansas,71823
longTermCareR4,Arkansas,71643
longTermCareR4,Arkansas,71631
longTermCareR4,Arkansas,72513
longTermCareR4,Arkansas,72006
longTermCareR4,Arkansas,71635
longTermCareR4,Arkansas,72057
longTermCareR4,Arkansas,71834
longTermCareR4,Arkansas,72624
longTermCareR4,Arkansas,72601
longTermCareR4,Arizona,85321
longTermCareR4,Arizona,85530
longTermCareR4,Arizona,85901
longTermCareR4,Arizona,85001
longTermCareR4,Arizona,85117
longTermCareR4,Arizona,85931
longTermCareR4,Arizona,85602
longTermCareR4,Arizona,85920
longTermCareR4,Arizona,85611
longTermCareR4,Arizona,85324
longTermCareR4,Arizona,85533
longTermCareR4,Arizona,85135
longTermCareR4,Arizona,85360
longTermCareR4,Arizona,85333
longTermCareR4,Arizona,85325
longTermCareR4,California,93202
longTermCareR4,California,95422
longTermCareR4,California,95645
longTermCareR4,California,95913
longTermCareR4,California,91901
longTermCareR4,California,95915
longTermCareR4,California,95221
longTermCareR4,California,95605
longTermCareR4,California,91701
longTermCareR4,California,90620
longTermCareR4,California,95023
longTermCareR4,California,96021
longTermCareR4,California,94901
longTermCareR4,California,93203
longTermCareR4,California,92222
longTermCareR4,California,95001
longTermCareR4,California,95912
longTermCareR4,California,95501
longTermCareR4,California,94002
longTermCareR4,California,95601
longTermCareR4,California,95305
longTermCareR4,California,96006
longTermCareR4,California,92328
longTermCareR4,California,90001
longTermCareR4,California,95613
longTermCareR4,California,95527
longTermCareR4,California,93210
longTermCareR4,California,95410
longTermCareR4,California,95692
longTermCareR4,California,95910
longTermCareR4,California,93601
longTermCareR4,California,93201
longTermCareR4,California,94022
longTermCareR4,California,95531
longTermCareR4,California,93013
longTermCareR4,California,94505
longTermCareR4,California,96001
longTermCareR4,California,94510
longTermCareR4,California,96009
longTermCareR4,California,91752
longTermCareR4,California,93426
longTermCareR4,California,94922
longTermCareR4,California,94203
longTermCareR4,California,91319
longTermCareR4,California,95568
longTermCareR4,California,95307
longTermCareR4,California,95712
longTermCareR4,California,93620
longTermCareR4,California,95646
longTermCareR4,California,93512
longTermCareR4,California,94503
longTermCareR4,California,95914
longTermCareR4,California,93623
longTermCareR4,California,95602
longTermCareR4,California,94102
longTermCareR4,California,94501
longTermCareR4,California,95201
longTermCareR4,California,93401
longTermCareR4,Colorado,81321
longTermCareR4,Colorado,80001
longTermCareR4,Colorado,80010
longTermCareR4,Colorado,81610
longTermCareR4,Colorado,80429
longTermCareR4,Colorado,81410
longTermCareR4,Colorado,81021
longTermCareR4,Colorado,81041
longTermCareR4,Colorado,80737
longTermCareR4,Colorado,80805
longTermCareR4,Colorado,80424
longTermCareR4,Colorado,80436
longTermCareR4,Colorado,81325
longTermCareR4,Colorado,81252
longTermCareR4,Colorado,81123
longTermCareR4,Colorado,81122
longTermCareR4,Colorado,80430
longTermCareR4,Colorado,81433
longTermCareR4,Colorado,81601
longTermCareR4,Colorado,80720
longTermCareR4,Colorado,80442
longTermCareR4,Colorado,80019
longTermCareR4,Colorado,80201
longTermCareR4,Colorado,80025
longTermCareR4,Colorado,81401
longTermCareR4,Colorado,81030
longTermCareR4,Colorado,81101
longTermCareR4,Colorado,80106
longTermCareR4,Colorado,81121
longTermCareR4,Colorado,81038
longTermCareR4,Colorado,81501
longTermCareR4,Colorado,80802
longTermCareR4,Colorado,80721
longTermCareR4,Colorado,81427
longTermCareR4,Colorado,80722
longTermCareR4,Colorado,80423
longTermCareR4,Colorado,81641
longTermCareR4,Colorado,80504
longTermCareR4,Colorado,81132
longTermCareR4,Colorado,80020
longTermCareR4,Colorado,80101
longTermCareR4,Colorado,80104
longTermCareR4,Colorado,80804
longTermCareR4,Colorado,80428
longTermCareR4,Colorado,81040
longTermCareR4,Colorado,81320
longTermCareR4,Colorado,81020
longTermCareR4,Colorado,81201
longTermCareR4,Colorado,81611
longTermCareR4,Colorado,80649
longTermCareR4,Colorado,81130
longTermCareR4,Colorado,80511
longTermCareR4,Colorado,81125
longTermCareR4,Colorado,80422
longTermCareR4,Colorado,81033
longTermCareR4,Colorado,80813
longTermCareR4,Colorado,81210
longTermCareR4,Colorado,81029
longTermCareR4,Colorado,80727
longTermCareR4,Colorado,81235
longTermCareR4,Colorado,81001
longTermCareR4,Colorado,81120
longTermCareR4,Colorado,80420
longTermCareR4,Colorado,81212
longTermCareR4,Connecticut,6249
longTermCareR4,Connecticut,6409
longTermCareR4,Connecticut,6404
longTermCareR4,Connecticut,6018
longTermCareR4,Connecticut,6001
longTermCareR4,Connecticut,6226
longTermCareR4,Connecticut,6401
longTermCareR4,Connecticut,6029
longTermCareR4,Dist of Columbia,20001
longTermCareR4,Delaware,19701
longTermCareR4,Delaware,19901
longTermCareR4,Delaware,19930
longTermCareR4,Florida,32003
longTermCareR4,Florida,32336
longTermCareR4,Florida,34601
longTermCareR4,Florida,32004
longTermCareR4,Florida,32754
longTermCareR4,Florida,32621
longTermCareR4,Florida,32301
longTermCareR4,Florida,34972
longTermCareR4,Florida,32420
longTermCareR4,Florida,32326
longTermCareR4,Florida,32013
longTermCareR4,Florida,33455
longTermCareR4,Florida,33901
longTermCareR4,Florida,32425
longTermCareR4,Florida,34223
longTermCareR4,Florida,32701
longTermCareR4,Florida,34423
longTermCareR4,Florida,32099
longTermCareR4,Florida,32421
longTermCareR4,Florida,33004
longTermCareR4,Florida,32401
longTermCareR4,Florida,32531
longTermCareR4,Florida,32111
longTermCareR4,Florida,33401
longTermCareR4,Florida,33801
longTermCareR4,Florida,32052
longTermCareR4,Florida,32601
longTermCareR4,Florida,32456
longTermCareR4,Florida,33834
longTermCareR4,Florida,34945
longTermCareR4,Florida,33002
longTermCareR4,Florida,32324
longTermCareR4,Florida,33701
longTermCareR4,Florida,32008
longTermCareR4,Florida,32105
longTermCareR4,Florida,32042
longTermCareR4,Florida,32321
longTermCareR4,Florida,32102
longTermCareR4,Florida,32948
longTermCareR4,Florida,32026
longTermCareR4,Florida,33001
longTermCareR4,Florida,32530
longTermCareR4,Florida,33503
longTermCareR4,Florida,34265
longTermCareR4,Florida,34201
longTermCareR4,Florida,32040
longTermCareR4,Florida,32007
longTermCareR4,Florida,32024
longTermCareR4,Florida,32703
longTermCareR4,Florida,32110
longTermCareR4,Florida,32320
longTermCareR4,Florida,33825
longTermCareR4,Florida,32628
longTermCareR4,Florida,33523
longTermCareR4,Florida,32619
longTermCareR4,Florida,32501
longTermCareR4,Florida,32009
longTermCareR4,Florida,32347
longTermCareR4,Florida,33848
longTermCareR4,Florida,33471
longTermCareR4,Florida,32059
longTermCareR4,Florida,33927
longTermCareR4,Florida,32162
longTermCareR4,Florida,32422
longTermCareR4,Florida,33440
longTermCareR4,Florida,34101
longTermCareR4,Florida,32427
longTermCareR4,Georgia,30002
longTermCareR4,Georgia,30104
longTermCareR4,Georgia,31512
longTermCareR4,Georgia,30401
longTermCareR4,Georgia,30414
longTermCareR4,Georgia,30143
longTermCareR4,Georgia,30285
longTermCareR4,Georgia,30102
longTermCareR4,Georgia,30533
longTermCareR4,Georgia,31760
longTermCareR4,Georgia,30105
longTermCareR4,Georgia,31601
longTermCareR4,Georgia,31805
longTermCareR4,Georgia,30710
longTermCareR4,Georgia,39845
longTermCareR4,Georgia,31018
longTermCareR4,Georgia,31303
longTermCareR4,Georgia,31308
longTermCareR4,Georgia,30730
longTermCareR4,Georgia,30601
longTermCareR4,Georgia,30812
longTermCareR4,Georgia,31055
longTermCareR4,Georgia,31532
longTermCareR4,Georgia,31624
longTermCareR4,Georgia,30522
longTermCareR4,Georgia,30011
longTermCareR4,Georgia,31714
longTermCareR4,Georgia,30810
longTermCareR4,Georgia,31814
longTermCareR4,Georgia,30623
longTermCareR4,Georgia,31017
longTermCareR4,Georgia,30055
longTermCareR4,Georgia,30012
longTermCareR4,Georgia,31058
longTermCareR4,Georgia,31010
longTermCareR4,Georgia,30511
longTermCareR4,Georgia,31520
longTermCareR4,Georgia,30228
longTermCareR4,Georgia,30004
longTermCareR4,Georgia,30534
longTermCareR4,Georgia,30439
longTermCareR4,Georgia,39827
longTermCareR4,Georgia,31547
longTermCareR4,Georgia,30528
longTermCareR4,Georgia,31034
longTermCareR4,Georgia,31622
longTermCareR4,Georgia,30631
longTermCareR4,Georgia,39837
longTermCareR4,Georgia,30420
longTermCareR4,Georgia,31801
longTermCareR4,Georgia,31008
longTermCareR4,Georgia,30206
longTermCareR4,Georgia,30028
longTermCareR4,Georgia,30516
longTermCareR4,Georgia,39854
longTermCareR4,Georgia,30501
longTermCareR4,Georgia,39836
longTermCareR4,Georgia,31516
longTermCareR4,Georgia,30230
longTermCareR4,Georgia,30546
longTermCareR4,Georgia,31542
longTermCareR4,Georgia,30807
longTermCareR4,Georgia,30218
longTermCareR4,Georgia,31052
longTermCareR4,Georgia,30205
longTermCareR4,Georgia,39851
longTermCareR4,Georgia,31087
longTermCareR4,Georgia,30513
longTermCareR4,Georgia,30014
longTermCareR4,Georgia,30103
longTermCareR4,Georgia,31625
longTermCareR4,Georgia,30426
longTermCareR4,Georgia,31011
longTermCareR4,Georgia,30214
longTermCareR4,Georgia,30108
longTermCareR4,Georgia,30204
longTermCareR4,Georgia,30457
longTermCareR4,Georgia,31648
longTermCareR4,Georgia,30442
longTermCareR4,Georgia,31024
longTermCareR4,Georgia,31007
longTermCareR4,Georgia,31316
longTermCareR4,Georgia,39870
longTermCareR4,Georgia,31763
longTermCareR4,Georgia,30707
longTermCareR4,Georgia,30619
longTermCareR4,Georgia,30132
longTermCareR4,Georgia,31001
longTermCareR4,Georgia,31635
longTermCareR4,Georgia,31804
longTermCareR4,Georgia,31806
longTermCareR4,Georgia,31824
longTermCareR4,Georgia,31050
longTermCareR4,Georgia,30624
longTermCareR4,Georgia,30122
longTermCareR4,Georgia,39826
longTermCareR4,Georgia,31537
longTermCareR4,Georgia,31750
longTermCareR4,Georgia,30525
longTermCareR4,Georgia,30738
longTermCareR4,Georgia,30006
longTermCareR4,Georgia,30538
longTermCareR4,Georgia,31626
longTermCareR4,Georgia,31003
longTermCareR4,Georgia,30424
longTermCareR4,Georgia,30660
longTermCareR4,Georgia,30413
longTermCareR4,Georgia,39813
longTermCareR4,Georgia,30521
longTermCareR4,Georgia,31036
longTermCareR4,Georgia,30216
longTermCareR4,Georgia,30170
longTermCareR4,Georgia,30517
longTermCareR4,Georgia,30229
longTermCareR4,Georgia,31014
longTermCareR4,Georgia,31006
longTermCareR4,Georgia,31041
longTermCareR4,Georgia,31820
longTermCareR4,Georgia,31620
longTermCareR4,Georgia,31772
longTermCareR4,Georgia,30806
longTermCareR4,Georgia,30139
longTermCareR4,Georgia,31304
longTermCareR4,Georgia,31301
longTermCareR4,Georgia,31032
longTermCareR4,Georgia,31513
longTermCareR4,Georgia,31004
longTermCareR4,Georgia,31727
longTermCareR4,Georgia,30415
longTermCareR4,Georgia,30236
longTermCareR4,Georgia,30802
longTermCareR4,Georgia,30003
longTermCareR4,Georgia,31701
longTermCareR4,Georgia,31002
longTermCareR4,Georgia,30642
longTermCareR4,Georgia,31302
longTermCareR4,Georgia,30436
longTermCareR4,Georgia,30817
longTermCareR4,Georgia,30110
longTermCareR4,Georgia,30411
longTermCareR4,Georgia,31722
longTermCareR4,Georgia,30410
longTermCareR4,Georgia,31623
longTermCareR4,Georgia,39823
longTermCareR4,Georgia,30726
longTermCareR4,Georgia,31545
longTermCareR4,Georgia,31716
longTermCareR4,Georgia,30454
longTermCareR4,Georgia,31501
longTermCareR4,Georgia,30018
longTermCareR4,Georgia,30627
longTermCareR4,Georgia,39815
longTermCareR4,Georgia,31510
longTermCareR4,Georgia,31709
longTermCareR4,Georgia,30621
longTermCareR4,Georgia,31005
longTermCareR4,Georgia,30512
longTermCareR4,Georgia,30705
longTermCareR4,Georgia,30510
longTermCareR4,Hawaii,96703
longTermCareR4,Hawaii,96701
longTermCareR4,Hawaii,96708
longTermCareR4,Hawaii,96704
longTermCareR4,Iowa,50065
longTermCareR4,Iowa,50050
longTermCareR4,Iowa,51010
longTermCareR4,Iowa,50049
longTermCareR4,Iowa,52501
longTermCareR4,Iowa,50424
longTermCareR4,Iowa,50607
longTermCareR4,Iowa,51003
longTermCareR4,Iowa,50514
longTermCareR4,Iowa,50010
longTermCareR4,Iowa,52203
longTermCareR4,Iowa,52619
longTermCareR4,Iowa,52640
longTermCareR4,Iowa,51446
longTermCareR4,Iowa,50008
longTermCareR4,Iowa,50603
longTermCareR4,Iowa,52205
longTermCareR4,Iowa,50847
longTermCareR4,Iowa,50058
longTermCareR4,Iowa,50149
longTermCareR4,Iowa,52001
longTermCareR4,Iowa,50839
longTermCareR4,Iowa,50002
longTermCareR4,Iowa,50510
longTermCareR4,Iowa,51230
longTermCareR4,Iowa,50071
longTermCareR4,Iowa,50001
longTermCareR4,Iowa,50041
longTermCareR4,Iowa,50654
longTermCareR4,Iowa,50602
longTermCareR4,Iowa,52630
longTermCareR4,Iowa,50401
longTermCareR4,Iowa,50074
longTermCareR4,Iowa,51047
longTermCareR4,Iowa,50174
longTermCareR4,Iowa,51601
longTermCareR4,Iowa,50426
longTermCareR4,Iowa,50025
longTermCareR4,Iowa,51639
longTermCareR4,Iowa,52216
longTermCareR4,Iowa,51232
longTermCareR4,Iowa,50031
longTermCareR4,Iowa,51012
longTermCareR4,Iowa,52535
longTermCareR4,Iowa,52035
longTermCareR4,Iowa,52235
longTermCareR4,Iowa,50028
longTermCareR4,Iowa,50003
longTermCareR4,Iowa,51533
longTermCareR4,Iowa,52201
longTermCareR4,Iowa,50609
longTermCareR4,Iowa,50434
longTermCareR4,Iowa,50044
longTermCareR4,Iowa,52722
longTermCareR4,Iowa,50451
longTermCareR4,Iowa,52720
longTermCareR4,Iowa,50005
longTermCareR4,Iowa,50020
longTermCareR4,Iowa,52533
longTermCareR4,Iowa,52037
longTermCareR4,Iowa,51331
longTermCareR4,Iowa,50628
longTermCareR4,Iowa,50104
longTermCareR4,Iowa,50501
longTermCareR4,Iowa,50112
longTermCareR4,Iowa,52030
longTermCareR4,Iowa,50027
longTermCareR4,Iowa,51432
longTermCareR4,Iowa,52206
longTermCareR4,Iowa,50007
longTermCareR4,Iowa,50540
longTermCareR4,Iowa,50435
longTermCareR4,Iowa,51001
longTermCareR4,Iowa,51501
longTermCareR4,Iowa,50423
longTermCareR4,Iowa,50150
longTermCareR4,Iowa,50033
longTermCareR4,Iowa,51006
longTermCareR4,Iowa,52101
longTermCareR4,Iowa,50006
longTermCareR4,Iowa,50026
longTermCareR4,Iowa,50034
longTermCareR4,Iowa,51004
longTermCareR4,Iowa,51529
longTermCareR4,Iowa,52140
longTermCareR4,Iowa,51009
longTermCareR4,Iowa,50606
longTermCareR4,Iowa,50515
longTermCareR4,Iowa,50535
longTermCareR4,Iowa,50622
longTermCareR4,Iowa,52202
longTermCareR4,Iowa,50519
longTermCareR4,Iowa,52601
longTermCareR4,Iowa,50538
longTermCareR4,Iowa,50613
longTermCareR4,Iowa,50833
longTermCareR4,Iowa,50173
longTermCareR4,Iowa,52537
longTermCareR4,Iowa,52544
longTermCareR4,Idaho,83611
longTermCareR4,Idaho,83824
longTermCareR4,Idaho,83802
longTermCareR4,Idaho,83501
longTermCareR4,Idaho,83211
longTermCareR4,Idaho,83201
longTermCareR4,Idaho,83440
longTermCareR4,Idaho,83423
longTermCareR4,Idaho,83801
longTermCareR4,Idaho,83228
longTermCareR4,Idaho,83401
longTermCareR4,Idaho,83610
longTermCareR4,Idaho,83605
longTermCareR4,Idaho,83602
longTermCareR4,Idaho,83243
longTermCareR4,Idaho,83220
longTermCareR4,Idaho,83422
longTermCareR4,Idaho,83522
longTermCareR4,Idaho,83203
longTermCareR4,Idaho,83604
longTermCareR4,Idaho,83213
longTermCareR4,Idaho,83623
longTermCareR4,Idaho,83322
longTermCareR4,Idaho,83804
longTermCareR4,Idaho,83301
longTermCareR4,Idaho,83226
longTermCareR4,Idaho,83313
longTermCareR4,Idaho,83325
longTermCareR4,Idaho,83229
longTermCareR4,Idaho,83617
longTermCareR4,Idaho,83619
longTermCareR4,Idaho,83425
longTermCareR4,Idaho,83612
longTermCareR4,Idaho,83324
longTermCareR4,Idaho,83523
longTermCareR4,Idaho,83420
longTermCareR4,Idaho,83336
longTermCareR4,Idaho,83314
longTermCareR4,Idaho,83535
longTermCareR4,Idaho,83805
longTermCareR4,Idaho,83217
longTermCareR4,Idaho,83311
longTermCareR4,Idaho,83616
longTermCareR4,Idaho,83520
longTermCareR4,Illinois,61727
longTermCareR4,Illinois,60004
longTermCareR4,Illinois,61516
longTermCareR4,Illinois,60401
longTermCareR4,Illinois,62908
longTermCareR4,Illinois,62812
longTermCareR4,Illinois,60012
longTermCareR4,Illinois,60407
longTermCareR4,Illinois,60530
longTermCareR4,Illinois,62476
longTermCareR4,Illinois,61401
longTermCareR4,Illinois,61326
longTermCareR4,Illinois,61534
longTermCareR4,Illinois,62301
longTermCareR4,Illinois,60932
longTermCareR4,Illinois,61452
longTermCareR4,Illinois,61532
longTermCareR4,Illinois,62217
longTermCareR4,Illinois,62905
longTermCareR4,Illinois,60919
longTermCareR4,Illinois,62917
longTermCareR4,Illinois,62022
longTermCareR4,Illinois,61957
longTermCareR4,Illinois,60901
longTermCareR4,Illinois,61016
longTermCareR4,Illinois,61418
longTermCareR4,Illinois,62238
longTermCareR4,Illinois,62901
longTermCareR4,Illinois,62016
longTermCareR4,Illinois,60101
longTermCareR4,Illinois,62428
longTermCareR4,Illinois,62083
longTermCareR4,Illinois,62001
longTermCareR4,Illinois,62417
longTermCareR4,Illinois,61917
longTermCareR4,Illinois,60113
longTermCareR4,Illinois,62841
longTermCareR4,Illinois,62601
longTermCareR4,Illinois,62801
longTermCareR4,Illinois,62420
longTermCareR4,Illinois,62413
longTermCareR4,Illinois,61411
longTermCareR4,Illinois,62215
longTermCareR4,Illinois,61723
longTermCareR4,Illinois,62909
longTermCareR4,Illinois,62432
longTermCareR4,Illinois,62236
longTermCareR4,Illinois,62312
longTermCareR4,Illinois,61912
longTermCareR4,Illinois,62824
longTermCareR4,Illinois,62820
longTermCareR4,Illinois,61231
longTermCareR4,Illinois,61008
longTermCareR4,Illinois,62817
longTermCareR4,Illinois,61451
longTermCareR4,Illinois,62941
longTermCareR4,Illinois,62419
longTermCareR4,Illinois,62353
longTermCareR4,Illinois,60109
longTermCareR4,Illinois,61417
longTermCareR4,Illinois,61233
longTermCareR4,Illinois,62611
longTermCareR4,Illinois,61910
longTermCareR4,Illinois,62006
longTermCareR4,Illinois,62015
longTermCareR4,Illinois,61312
longTermCareR4,Illinois,60512
longTermCareR4,Illinois,62515
longTermCareR4,Illinois,60111
longTermCareR4,Illinois,62410
longTermCareR4,Illinois,60949
longTermCareR4,Illinois,62086
longTermCareR4,Illinois,61421
longTermCareR4,Illinois,61701
longTermCareR4,Illinois,62613
longTermCareR4,Illinois,62009
longTermCareR4,Illinois,61756
longTermCareR4,Illinois,62914
longTermCareR4,Illinois,62928
longTermCareR4,Illinois,62810
longTermCareR4,Illinois,61450
longTermCareR4,Illinois,61201
longTermCareR4,Illinois,62867
longTermCareR4,Illinois,60470
longTermCareR4,Illinois,62919
longTermCareR4,Illinois,61013
longTermCareR4,Illinois,62011
longTermCareR4,Illinois,62446
longTermCareR4,Illinois,62401
longTermCareR4,Illinois,61914
longTermCareR4,Illinois,62610
longTermCareR4,Illinois,61415
longTermCareR4,Illinois,61037
longTermCareR4,Illinois,60420
longTermCareR4,Illinois,61001
longTermCareR4,Illinois,61014
longTermCareR4,Illinois,61813
longTermCareR4,Illinois,60002
longTermCareR4,Illinois,62059
longTermCareR4,Illinois,61369
longTermCareR4,Illinois,62214
longTermCareR4,Illinois,60911
longTermCareR4,Indiana,47564
longTermCareR4,Indiana,47427
longTermCareR4,Indiana,46106
longTermCareR4,Indiana,46913
longTermCareR4,Indiana,46103
longTermCareR4,Indiana,47918
longTermCareR4,Indiana,46366
longTermCareR4,Indiana,46133
longTermCareR4,Indiana,47104
longTermCareR4,Indiana,47834
longTermCareR4,Indiana,46310
longTermCareR4,Indiana,47225
longTermCareR4,Indiana,46704
longTermCareR4,Indiana,46530
longTermCareR4,Indiana,47522
longTermCareR4,Indiana,46052
longTermCareR4,Indiana,47901
longTermCareR4,Indiana,47424
longTermCareR4,Indiana,47348
longTermCareR4,Indiana,47119
longTermCareR4,Indiana,47838
longTermCareR4,Indiana,47501
longTermCareR4,Indiana,46910
longTermCareR4,Indiana,47040
longTermCareR4,Indiana,46723
longTermCareR4,Indiana,47831
longTermCareR4,Indiana,47011
longTermCareR4,Indiana,46501
longTermCareR4,Indiana,46035
longTermCareR4,Indiana,47326
longTermCareR4,Indiana,47223
longTermCareR4,Indiana,46960
longTermCareR4,Indiana,47917
longTermCareR4,Indiana,47201
longTermCareR4,Indiana,46030
longTermCareR4,Indiana,47512
longTermCareR4,Indiana,47514
longTermCareR4,Indiana,46701
longTermCareR4,Indiana,47601
longTermCareR4,Indiana,47923
longTermCareR4,Indiana,47916
longTermCareR4,Indiana,46565
longTermCareR4,Indiana,47108
longTermCareR4,Indiana,46045
longTermCareR4,Indiana,47325
longTermCareR4,Indiana,47001
longTermCareR4,Indiana,46711
longTermCareR4,Indiana,46911
longTermCareR4,Indiana,47618
longTermCareR4,Indiana,47420
longTermCareR4,Indiana,46714
longTermCareR4,Indiana,47107
longTermCareR4,Indiana,47324
longTermCareR4,Indiana,46040
longTermCareR4,Indiana,46001
longTermCareR4,Indiana,46340
longTermCareR4,Indiana,46303
longTermCareR4,Indiana,46901
longTermCareR4,Indiana,47401
longTermCareR4,Indiana,46703
longTermCareR4,Indiana,47220
longTermCareR4,Indiana,47138
longTermCareR4,Indiana,47513
longTermCareR4,Indiana,46502
longTermCareR4,Indiana,47102
longTermCareR4,Indiana,46105
longTermCareR4,Indiana,46349
longTermCareR4,Indiana,46301
longTermCareR4,Indiana,46705
longTermCareR4,Indiana,47125
longTermCareR4,Indiana,46104
longTermCareR4,Indiana,46932
longTermCareR4,Indiana,47116
longTermCareR4,Indiana,46919
longTermCareR4,Indiana,46148
longTermCareR4,Indiana,46702
longTermCareR4,Indiana,47639
longTermCareR4,Indiana,47975
longTermCareR4,Indiana,47801
longTermCareR4,Indiana,46160
longTermCareR4,Indiana,46107
longTermCareR4,Indiana,47017
longTermCareR4,Indiana,46507
longTermCareR4,Indiana,47340
longTermCareR4,Indiana,47832
longTermCareR4,Indiana,47612
longTermCareR4,Indiana,47003
longTermCareR4,Indiana,46111
longTermCareR4,Indiana,47302
longTermCareR4,Indiana,46110
longTermCareR4,Indiana,46940
longTermCareR4,Indiana,47523
longTermCareR4,Kansas,67418
longTermCareR4,Kansas,67545
longTermCareR4,Kansas,67432
longTermCareR4,Kansas,67054
longTermCareR4,Kansas,66006
longTermCareR4,Kansas,67437
longTermCareR4,Kansas,66713
longTermCareR4,Kansas,67758
longTermCareR4,Kansas,67523
longTermCareR4,Kansas,66840
longTermCareR4,Kansas,66853
longTermCareR4,Kansas,67870
longTermCareR4,Kansas,67035
longTermCareR4,Kansas,67871
longTermCareR4,Kansas,66901
longTermCareR4,Kansas,66720
longTermCareR4,Kansas,66018
longTermCareR4,Kansas,66441
longTermCareR4,Kansas,66054
longTermCareR4,Kansas,66843
longTermCareR4,Kansas,67410
longTermCareR4,Kansas,67001
longTermCareR4,Kansas,67632
longTermCareR4,Kansas,67730
longTermCareR4,Kansas,66042
longTermCareR4,Kansas,67736
longTermCareR4,Kansas,67020
longTermCareR4,Kansas,67515
longTermCareR4,Kansas,67021
longTermCareR4,Kansas,67835
longTermCareR4,Kansas,67107
longTermCareR4,Kansas,66007
longTermCareR4,Kansas,66449
longTermCareR4,Kansas,66932
longTermCareR4,Kansas,67439
longTermCareR4,Kansas,67024
longTermCareR4,Kansas,67519
longTermCareR4,Kansas,67740
longTermCareR4,Kansas,66801
longTermCareR4,Kansas,67801
longTermCareR4,Kansas,67422
longTermCareR4,Kansas,66013
longTermCareR4,Kansas,66402
longTermCareR4,Kansas,67849
longTermCareR4,Kansas,66012
longTermCareR4,Kansas,67004
longTermCareR4,Kansas,66058
longTermCareR4,Kansas,67951
longTermCareR4,Kansas,66758
longTermCareR4,Kansas,67861
longTermCareR4,Kansas,67635
longTermCareR4,Kansas,66413
longTermCareR4,Kansas,67057
longTermCareR4,Kansas,66936
longTermCareR4,Kansas,67401
longTermCareR4,Kansas,67427
longTermCareR4,Kansas,66401
longTermCareR4,Kansas,67859
longTermCareR4,Kansas,67846
longTermCareR4,Kansas,67839
longTermCareR4,Kansas,66014
longTermCareR4,Kansas,67511
longTermCareR4,Kansas,66701
longTermCareR4,Kansas,66842
longTermCareR4,Kansas,66711
longTermCareR4,Kansas,66002
longTermCareR4,Kansas,66710
longTermCareR4,Kansas,67747
longTermCareR4,Kansas,66838
longTermCareR4,Kansas,67831
longTermCareR4,Kansas,66008
longTermCareR4,Kansas,66403
longTermCareR4,Kansas,66407
longTermCareR4,Kansas,66010
longTermCareR4,Kansas,67836
longTermCareR4,Kansas,67622
longTermCareR4,Kansas,66930
longTermCareR4,Kansas,67626
longTermCareR4,Kansas,67855
longTermCareR4,Kansas,67625
longTermCareR4,Kansas,67879
longTermCareR4,Kansas,67003
longTermCareR4,Kansas,67701
longTermCareR4,Kansas,67501
longTermCareR4,Kansas,67844
longTermCareR4,Kansas,67301
longTermCareR4,Kansas,67838
longTermCareR4,Kansas,67345
longTermCareR4,Kansas,66933
longTermCareR4,Kansas,67621
longTermCareR4,Kansas,67950
longTermCareR4,Kansas,67880
longTermCareR4,Kansas,67330
longTermCareR4,Kansas,67631
longTermCareR4,Kansas,67731
longTermCareR4,Kansas,67420
longTermCareR4,Kansas,66424
longTermCareR4,Kansas,67005
longTermCareR4,Kansas,67513
longTermCareR4,Kansas,67601
longTermCareR4,Kansas,66404
longTermCareR4,Kansas,67029
longTermCareR4,Kansas,66732
longTermCareR4,Kansas,66761
longTermCareR4,Kansas,67733
longTermCareR4,Kentucky,40313
longTermCareR4,Kentucky,42025
longTermCareR4,Kentucky,41204
longTermCareR4,Kentucky,42715
longTermCareR4,Kentucky,42020
longTermCareR4,Kentucky,41332
longTermCareR4,Kentucky,42031
longTermCareR4,Kentucky,41034
longTermCareR4,Kentucky,42437
longTermCareR4,Kentucky,42021
longTermCareR4,Kentucky,40342
longTermCareR4,Kentucky,41006
longTermCareR4,Kentucky,41311
longTermCareR4,Kentucky,41008
longTermCareR4,Kentucky,40502
longTermCareR4,Kentucky,40004
longTermCareR4,Kentucky,40337
longTermCareR4,Kentucky,42041
longTermCareR4,Kentucky,40312
longTermCareR4,Kentucky,42501
longTermCareR4,Kentucky,40813
longTermCareR4,Kentucky,42123
longTermCareR4,Kentucky,41128
longTermCareR4,Kentucky,40316
longTermCareR4,Kentucky,42718
longTermCareR4,Kentucky,41121
longTermCareR4,Kentucky,41037
longTermCareR4,Kentucky,42631
longTermCareR4,Kentucky,42215
longTermCareR4,Kentucky,42633
longTermCareR4,Kentucky,42411
longTermCareR4,Kentucky,42022
longTermCareR4,Kentucky,40009
longTermCareR4,Kentucky,40419
longTermCareR4,Kentucky,41011
longTermCareR4,Kentucky,42402
longTermCareR4,Kentucky,42743
longTermCareR4,Kentucky,42202
longTermCareR4,Kentucky,42028
longTermCareR4,Kentucky,42211
longTermCareR4,Kentucky,40047
longTermCareR4,Kentucky,42404
longTermCareR4,Kentucky,40801
longTermCareR4,Kentucky,40409
longTermCareR4,Kentucky,41064
longTermCareR4,Kentucky,40803
longTermCareR4,Kentucky,40734
longTermCareR4,Kentucky,42321
longTermCareR4,Kentucky,41310
longTermCareR4,Kentucky,40040
longTermCareR4,Kentucky,42124
longTermCareR4,Kentucky,40724
longTermCareR4,Kentucky,42201
longTermCareR4,Kentucky,42322
longTermCareR4,Kentucky,41149
longTermCareR4,Kentucky,42101
longTermCareR4,Kentucky,41001
longTermCareR4,Kentucky,40826
longTermCareR4,Kentucky,41002
longTermCareR4,Kentucky,40310
longTermCareR4,Kentucky,40121
longTermCareR4,Kentucky,41203
longTermCareR4,Kentucky,42033
longTermCareR4,Kentucky,40023
longTermCareR4,Kentucky,42038
longTermCareR4,Kentucky,41092
longTermCareR4,Kentucky,40370
longTermCareR4,Kentucky,42027
longTermCareR4,Kentucky,42204
longTermCareR4,Kentucky,40348
longTermCareR4,Kentucky,41426
longTermCareR4,Kentucky,42320
longTermCareR4,Kentucky,42629
longTermCareR4,Kentucky,42001
longTermCareR4,Kentucky,41314
longTermCareR4,Kentucky,40334
longTermCareR4,Kentucky,40010
longTermCareR4,Kentucky,40402
longTermCareR4,Kentucky,40385
longTermCareR4,Kentucky,42348
longTermCareR4,Kentucky,40347
longTermCareR4,Kentucky,41216
longTermCareR4,Kentucky,41301
longTermCareR4,Kentucky,40003
longTermCareR4,Kentucky,40311
longTermCareR4,Kentucky,40601
longTermCareR4,Kentucky,40981
longTermCareR4,Kentucky,42516
longTermCareR4,Kentucky,42134
longTermCareR4,Kentucky,40914
longTermCareR4,Kentucky,40422
longTermCareR4,Kentucky,40391
longTermCareR4,Kentucky,40701
longTermCareR4,Kentucky,40355
longTermCareR4,Kentucky,42713
longTermCareR4,Kentucky,41501
longTermCareR4,Kentucky,41124
longTermCareR4,Kentucky,42133
longTermCareR4,Kentucky,42163
longTermCareR4,Kentucky,40111
longTermCareR4,Kentucky,41135
longTermCareR4,Kentucky,42301
longTermCareR4,Kentucky,40336
longTermCareR4,Kentucky,42717
longTermCareR4,Kentucky,40324
longTermCareR4,Kentucky,42716
longTermCareR4,Kentucky,42602
longTermCareR4,Kentucky,40006
longTermCareR4,Kentucky,40018
longTermCareR4,Kentucky,41630
longTermCareR4,Kentucky,40339
longTermCareR4,Kentucky,41005
longTermCareR4,Kentucky,42408
longTermCareR4,Kentucky,40104
longTermCareR4,Kentucky,41010
longTermCareR4,Kentucky,42712
longTermCareR4,Kentucky,40007
longTermCareR4,Kentucky,40410
longTermCareR4,Kentucky,42120
longTermCareR4,Kentucky,41101
longTermCareR4,Louisiana,71316
longTermCareR4,Louisiana,71254
longTermCareR4,Louisiana,70049
longTermCareR4,Louisiana,71018
longTermCareR4,Louisiana,70639
longTermCareR4,Louisiana,70631
longTermCareR4,Louisiana,70638
longTermCareR4,Louisiana,71410
longTermCareR4,Louisiana,70449
longTermCareR4,Louisiana,70704
longTermCareR4,Louisiana,70426
longTermCareR4,Louisiana,70517
longTermCareR4,Louisiana,70401
longTermCareR4,Louisiana,70710
longTermCareR4,Louisiana,71301
longTermCareR4,Louisiana,70052
longTermCareR4,Louisiana,70712
longTermCareR4,Louisiana,71001
longTermCareR4,Louisiana,70032
longTermCareR4,Louisiana,70601
longTermCareR4,Louisiana,71320
longTermCareR4,Louisiana,71219
longTermCareR4,Louisiana,71065
longTermCareR4,Louisiana,71201
longTermCareR4,Louisiana,70524
longTermCareR4,Louisiana,71404
longTermCareR4,Louisiana,70722
longTermCareR4,Louisiana,70715
longTermCareR4,Louisiana,71019
longTermCareR4,Louisiana,70340
longTermCareR4,Louisiana,71340
longTermCareR4,Louisiana,71003
longTermCareR4,Louisiana,71415
longTermCareR4,Louisiana,71220
longTermCareR4,Louisiana,70030
longTermCareR4,Louisiana,71002
longTermCareR4,Louisiana,71237
longTermCareR4,Louisiana,71222
longTermCareR4,Louisiana,70441
longTermCareR4,Louisiana,70510
longTermCareR4,Louisiana,70301
longTermCareR4,Louisiana,71218
longTermCareR4,Louisiana,70346
longTermCareR4,Louisiana,70512
longTermCareR4,Louisiana,70634
longTermCareR4,Louisiana,71226
longTermCareR4,Louisiana,70420
longTermCareR4,Louisiana,70721
longTermCareR4,Louisiana,70001
longTermCareR4,Louisiana,71004
longTermCareR4,Louisiana,70339
longTermCareR4,Louisiana,71233
longTermCareR4,Louisiana,70501
longTermCareR4,Louisiana,71357
longTermCareR4,Louisiana,71227
longTermCareR4,Louisiana,70112
longTermCareR4,Louisiana,70532
longTermCareR4,Louisiana,71342
longTermCareR4,Louisiana,70515
longTermCareR4,Louisiana,70343
longTermCareR4,Louisiana,71006
longTermCareR4,Louisiana,71027
longTermCareR4,Louisiana,70037
longTermCareR4,Louisiana,70513
longTermCareR4,Massachusetts,1054
longTermCareR4,Massachusetts,1029
longTermCareR4,Massachusetts,2108
longTermCareR4,Massachusetts,2532
longTermCareR4,Massachusetts,1810
longTermCareR4,Massachusetts,2048
longTermCareR4,Massachusetts,1005
longTermCareR4,Massachusetts,1431
longTermCareR4,Massachusetts,2018
longTermCareR4,Massachusetts,1001
longTermCareR4,Massachusetts,2554
longTermCareR4,Massachusetts,1002
longTermCareR4,Massachusetts,2019
longTermCareR4,Massachusetts,2535
longTermCareR4,Maryland,21520
longTermCareR4,Maryland,21609
longTermCareR4,Maryland,21610
longTermCareR4,Maryland,21711
longTermCareR4,Maryland,20711
longTermCareR4,Maryland,21013
longTermCareR4,Maryland,21817
longTermCareR4,Maryland,21701
longTermCareR4,Maryland,20606
longTermCareR4,Maryland,21501
longTermCareR4,Maryland,21613
longTermCareR4,Maryland,21201
longTermCareR4,Maryland,21801
longTermCareR4,Maryland,21901
longTermCareR4,Maryland,21001
longTermCareR4,Maryland,20588
longTermCareR4,Maryland,20601
longTermCareR4,Maryland,20607
longTermCareR4,Maryland,20610
longTermCareR4,Maryland,21601
longTermCareR4,Maryland,21048
longTermCareR4,Maryland,20810
longTermCareR4,Maryland,21607
longTermCareR4,Maryland,21811
longTermCareR4,Maine,4010
longTermCareR4,Maine,4478
longTermCareR4,Maine,4259
longTermCareR4,Maine,4413
longTermCareR4,Maine,4471
longTermCareR4,Maine,4354
longTermCareR4,Maine,4406
longTermCareR4,Maine,4341
longTermCareR4,Maine,4408
longTermCareR4,Maine,4225
longTermCareR4,Maine,4210
longTermCareR4,Maine,4401
longTermCareR4,Maine,4003
longTermCareR4,Maine,3901
longTermCareR4,Maine,4547
longTermCareR4,Maine,4008
longTermCareR4,Michigan,49836
longTermCareR4,Michigan,48897
longTermCareR4,Michigan,49031
longTermCareR4,Michigan,49013
longTermCareR4,Michigan,48103
longTermCareR4,Michigan,49905
longTermCareR4,Michigan,48730
longTermCareR4,Michigan,48110
longTermCareR4,Michigan,49853
longTermCareR4,Michigan,48619
longTermCareR4,Michigan,48413
longTermCareR4,Michigan,49806
longTermCareR4,Michigan,49719
longTermCareR4,Michigan,49305
longTermCareR4,Michigan,49910
longTermCareR4,Michigan,48811
longTermCareR4,Michigan,49201
longTermCareR4,Michigan,48635
longTermCareR4,Michigan,48414
longTermCareR4,Michigan,49303
longTermCareR4,Michigan,48007
longTermCareR4,Michigan,49610
longTermCareR4,Michigan,49710
longTermCareR4,Michigan,49812
longTermCareR4,Michigan,48617
longTermCareR4,Michigan,49220
longTermCareR4,Michigan,49010
longTermCareR4,Michigan,49011
longTermCareR4,Michigan,49616
longTermCareR4,Michigan,49805
longTermCareR4,Michigan,49022
longTermCareR4,Michigan,49902
longTermCareR4,Michigan,48415
longTermCareR4,Michigan,49808
longTermCareR4,Michigan,49001
longTermCareR4,Michigan,49707
longTermCareR4,Michigan,48003
longTermCareR4,Michigan,48435
longTermCareR4,Michigan,48705
longTermCareR4,Michigan,49601
longTermCareR4,Michigan,49304
longTermCareR4,Michigan,48615
longTermCareR4,Michigan,48809
longTermCareR4,Michigan,49028
longTermCareR4,Michigan,49309
longTermCareR4,Michigan,48401
longTermCareR4,Michigan,48001
longTermCareR4,Michigan,49705
longTermCareR4,Michigan,49611
longTermCareR4,Michigan,48114
longTermCareR4,Michigan,48813
longTermCareR4,Michigan,49631
longTermCareR4,Michigan,49301
longTermCareR4,Michigan,49711
longTermCareR4,Michigan,48805
longTermCareR4,Michigan,48618
longTermCareR4,Michigan,48005
longTermCareR4,Michigan,49632
longTermCareR4,Michigan,49227
longTermCareR4,Michigan,48808
longTermCareR4,Michigan,49743
longTermCareR4,Michigan,49030
longTermCareR4,Michigan,48411
longTermCareR4,Michigan,49701
longTermCareR4,Michigan,49734
longTermCareR4,Michigan,49801
longTermCareR4,Michigan,48804
longTermCareR4,Michigan,48612
longTermCareR4,Michigan,49633
longTermCareR4,Michigan,49420
longTermCareR4,Michigan,49402
longTermCareR4,Michigan,49401
longTermCareR4,Michigan,49911
longTermCareR4,Michigan,49908
longTermCareR4,Michigan,49733
longTermCareR4,Michigan,48611
longTermCareR4,Michigan,48610
longTermCareR4,Michigan,48101
longTermCareR4,Michigan,49613
longTermCareR4,Michigan,49621
longTermCareR4,Michigan,49807
longTermCareR4,Michigan,49709
longTermCareR4,Michigan,48627
longTermCareR4,Minnesota,56212
longTermCareR4,Minnesota,56137
longTermCareR4,Minnesota,56318
longTermCareR4,Minnesota,56684
longTermCareR4,Minnesota,55012
longTermCareR4,Minnesota,55919
longTermCareR4,Minnesota,56110
longTermCareR4,Minnesota,56710
longTermCareR4,Minnesota,55019
longTermCareR4,Minnesota,56673
longTermCareR4,Minnesota,56720
longTermCareR4,Minnesota,56627
longTermCareR4,Minnesota,55324
longTermCareR4,Minnesota,55371
longTermCareR4,Minnesota,56516
longTermCareR4,Minnesota,56314
longTermCareR4,Minnesota,56048
longTermCareR4,Minnesota,56207
longTermCareR4,Minnesota,56031
longTermCareR4,Minnesota,55307
longTermCareR4,Minnesota,56623
longTermCareR4,Minnesota,55604
longTermCareR4,Minnesota,55310
longTermCareR4,Minnesota,55601
longTermCareR4,Minnesota,55709
longTermCareR4,Minnesota,55315
longTermCareR4,Minnesota,56208
longTermCareR4,Minnesota,56601
longTermCareR4,Minnesota,56222
longTermCareR4,Minnesota,55007
longTermCareR4,Minnesota,55707
longTermCareR4,Minnesota,56083
longTermCareR4,Minnesota,55005
longTermCareR4,Minnesota,55901
longTermCareR4,Minnesota,55910
longTermCareR4,Minnesota,56113
longTermCareR4,Minnesota,55922
longTermCareR4,Minnesota,55602
longTermCareR4,Minnesota,56115
longTermCareR4,Minnesota,56003
longTermCareR4,Minnesota,56210
longTermCareR4,Minnesota,55049
longTermCareR4,Minnesota,55312
longTermCareR4,Minnesota,55353
longTermCareR4,Minnesota,56324
longTermCareR4,Minnesota,55101
longTermCareR4,Minnesota,56517
longTermCareR4,Minnesota,55009
longTermCareR4,Minnesota,55909
longTermCareR4,Minnesota,55001
longTermCareR4,Minnesota,55041
longTermCareR4,Minnesota,56007
longTermCareR4,Minnesota,56323
longTermCareR4,Minnesota,56017
longTermCareR4,Minnesota,56001
longTermCareR4,Minnesota,56201
longTermCareR4,Minnesota,56520
longTermCareR4,Minnesota,56433
longTermCareR4,Minnesota,56101
longTermCareR4,Minnesota,56308
longTermCareR4,Minnesota,56401
longTermCareR4,Minnesota,56220
longTermCareR4,Minnesota,55020
longTermCareR4,Minnesota,56235
longTermCareR4,Minnesota,56019
longTermCareR4,Minnesota,56219
longTermCareR4,Minnesota,56621
longTermCareR4,Minnesota,56464
longTermCareR4,Minnesota,56304
longTermCareR4,Minnesota,55748
longTermCareR4,Minnesota,56116
longTermCareR4,Minnesota,55010
longTermCareR4,Minnesota,56128
longTermCareR4,Minnesota,56514
longTermCareR4,Minnesota,55030
longTermCareR4,Minnesota,55308
longTermCareR4,Minnesota,56501
longTermCareR4,Minnesota,56022
longTermCareR4,Minnesota,56510
longTermCareR4,Minnesota,56114
longTermCareR4,Minnesota,56013
longTermCareR4,Minnesota,55301
longTermCareR4,Minnesota,55006
longTermCareR4,Minnesota,56715
longTermCareR4,Minnesota,55924
longTermCareR4,Minnesota,55785
longTermCareR4,Minnesota,55111
longTermCareR4,Missouri,63737
longTermCareR4,Missouri,64601
longTermCareR4,Missouri,63557
longTermCareR4,Missouri,64624
longTermCareR4,Missouri,65230
longTermCareR4,Missouri,64728
longTermCareR4,Missouri,63446
longTermCareR4,Missouri,65325
longTermCareR4,Missouri,64831
longTermCareR4,Missouri,64724
longTermCareR4,Missouri,65023
longTermCareR4,Missouri,65001
longTermCareR4,Missouri,63627
longTermCareR4,Missouri,63456
longTermCareR4,Missouri,65603
longTermCareR4,Missouri,64424
longTermCareR4,Missouri,64017
longTermCareR4,Missouri,63436
longTermCareR4,Missouri,64848
longTermCareR4,Missouri,64421
longTermCareR4,Missouri,64874
longTermCareR4,Missouri,63005
longTermCareR4,Missouri,65660
longTermCareR4,Missouri,65610
longTermCareR4,Missouri,64429
longTermCareR4,Missouri,63010
longTermCareR4,Missouri,64744
longTermCareR4,Missouri,65634
longTermCareR4,Missouri,65463
longTermCareR4,Missouri,63091
longTermCareR4,Missouri,65601
longTermCareR4,Missouri,63820
longTermCareR4,Missouri,64001
longTermCareR4,Missouri,64446
longTermCareR4,Missouri,63701
longTermCareR4,Missouri,63544
longTermCareR4,Missouri,63645
longTermCareR4,Missouri,63333
longTermCareR4,Missouri,64002
longTermCareR4,Missouri,63620
longTermCareR4,Missouri,64437
longTermCareR4,Missouri,64620
longTermCareR4,Missouri,65614
longTermCareR4,Missouri,63430
longTermCareR4,Missouri,65548
longTermCareR4,Missouri,63330
longTermCareR4,Missouri,65438
longTermCareR4,Missouri,65018
longTermCareR4,Missouri,63828
longTermCareR4,Missouri,64748
longTermCareR4,Missouri,63343
longTermCareR4,Missouri,65604
longTermCareR4,Missouri,65401
longTermCareR4,Missouri,65239
longTermCareR4,Missouri,64019
longTermCareR4,Missouri,63013
longTermCareR4,Missouri,65444
longTermCareR4,Missouri,63431
longTermCareR4,Missouri,63625
longTermCareR4,Missouri,63736
longTermCareR4,Missouri,63030
longTermCareR4,Missouri,63345
longTermCareR4,Missouri,63434
longTermCareR4,Missouri,63301
longTermCareR4,Missouri,65440
longTermCareR4,Missouri,63662
longTermCareR4,Missouri,65017
longTermCareR4,Missouri,64420
longTermCareR4,Missouri,65606
longTermCareR4,Missouri,63036
longTermCareR4,Missouri,65609
longTermCareR4,Missouri,63435
longTermCareR4,Missouri,64660
longTermCareR4,Missouri,65452
longTermCareR4,Missouri,64012
longTermCareR4,Missouri,63535
longTermCareR4,Missouri,63342
longTermCareR4,Missouri,65608
longTermCareR4,Missouri,64423
longTermCareR4,Missouri,63432
longTermCareR4,Missouri,65010
longTermCareR4,Missouri,64726
longTermCareR4,Missouri,63901
longTermCareR4,Missouri,65636
longTermCareR4,Missouri,64402
longTermCareR4,Missouri,63826
longTermCareR4,Missouri,63551
longTermCareR4,Missouri,64840
longTermCareR4,Missouri,65301
longTermCareR4,Missouri,64632
longTermCareR4,Missouri,63501
longTermCareR4,Missouri,64422
longTermCareR4,Missouri,63821
longTermCareR4,Missouri,63401
longTermCareR4,Missouri,63931
longTermCareR4,Missouri,65590
longTermCareR4,Missouri,65320
longTermCareR4,Missouri,65068
longTermCareR4,Missouri,64755
longTermCareR4,Missouri,64720
longTermCareR4,Missouri,63730
longTermCareR4,Missouri,64401
longTermCareR4,Missouri,64622
longTermCareR4,Missouri,65020
longTermCareR4,Missouri,65013
longTermCareR4,Missouri,64018
longTermCareR4,Missouri,65441
longTermCareR4,Missouri,63101
longTermCareR4,Missouri,65011
longTermCareR4,Missouri,65611
longTermCareR4,Missouri,64024
longTermCareR4,Missouri,64641
longTermCareR4,Missouri,63388
longTermCareR4,Missouri,63632
longTermCareR4,Missouri,63937
longTermCareR4,Mississippi,39750
longTermCareR4,Mississippi,38920
longTermCareR4,Mississippi,38721
longTermCareR4,Mississippi,39338
longTermCareR4,Mississippi,39042
longTermCareR4,Mississippi,38601
longTermCareR4,Mississippi,38606
longTermCareR4,Mississippi,38754
longTermCareR4,Mississippi,38901
longTermCareR4,Mississippi,38801
longTermCareR4,Mississippi,39737
longTermCareR4,Mississippi,38839
longTermCareR4,Mississippi,39116
longTermCareR4,Mississippi,38602
longTermCareR4,Mississippi,38924
longTermCareR4,Mississippi,38610
longTermCareR4,Mississippi,39330
longTermCareR4,Mississippi,39156
longTermCareR4,Mississippi,39057
longTermCareR4,Mississippi,39630
longTermCareR4,Mississippi,39041
longTermCareR4,Mississippi,39520
longTermCareR4,Mississippi,39039
longTermCareR4,Mississippi,39429
longTermCareR4,Mississippi,39426
longTermCareR4,Mississippi,38820
longTermCareR4,Mississippi,38737
longTermCareR4,Mississippi,39044
longTermCareR4,Mississippi,38917
longTermCareR4,Mississippi,39119
longTermCareR4,Mississippi,38922
longTermCareR4,Mississippi,39108
longTermCareR4,Mississippi,39051
longTermCareR4,Mississippi,39638
longTermCareR4,Mississippi,39421
longTermCareR4,Mississippi,39362
longTermCareR4,Mississippi,39423
longTermCareR4,Mississippi,39301
longTermCareR4,Mississippi,39402
longTermCareR4,Mississippi,38736
longTermCareR4,Mississippi,38701
longTermCareR4,Mississippi,38626
longTermCareR4,Mississippi,39667
longTermCareR4,Mississippi,38632
longTermCareR4,Mississippi,39326
longTermCareR4,Mississippi,39140
longTermCareR4,Mississippi,39350
longTermCareR4,Mississippi,39069
longTermCareR4,Mississippi,38827
longTermCareR4,Mississippi,38603
longTermCareR4,Mississippi,39059
longTermCareR4,Mississippi,38611
longTermCareR4,Mississippi,39452
longTermCareR4,Mississippi,39735
longTermCareR4,Mississippi,38821
longTermCareR4,Mississippi,39632
longTermCareR4,Mississippi,39701
longTermCareR4,Mississippi,39074
longTermCareR4,Mississippi,38850
longTermCareR4,Mississippi,39741
longTermCareR4,Mississippi,38609
longTermCareR4,Mississippi,39045
longTermCareR4,Mississippi,38720
longTermCareR4,Mississippi,39401
longTermCareR4,Mississippi,39436
longTermCareR4,Mississippi,38843
longTermCareR4,Mississippi,39341
longTermCareR4,Mississippi,38925
longTermCareR4,Mississippi,39552
longTermCareR4,Mississippi,38834
longTermCareR4,Mississippi,39120
longTermCareR4,Mississippi,38627
longTermCareR4,Mississippi,38824
longTermCareR4,Mississippi,39086
longTermCareR4,Mississippi,39601
longTermCareR4,Mississippi,39501
longTermCareR4,Mississippi,38745
longTermCareR4,Mississippi,39322
longTermCareR4,Mississippi,39631
longTermCareR4,Mississippi,38614
longTermCareR4,Mississippi,39067
longTermCareR4,Mississippi,39561
longTermCareR4,Montana,59058
longTermCareR4,Montana,59713
longTermCareR4,Montana,59501
longTermCareR4,Montana,59410
longTermCareR4,Montana,59418
longTermCareR4,Montana,59222
longTermCareR4,Montana,59419
longTermCareR4,Montana,59261
longTermCareR4,Montana,59832
longTermCareR4,Montana,59007
longTermCareR4,Montana,59201
longTermCareR4,Montana,59353
longTermCareR4,Montana,59084
longTermCareR4,Montana,59701
longTermCareR4,Montana,59311
longTermCareR4,Montana,59631
longTermCareR4,Montana,59003
longTermCareR4,Montana,59523
longTermCareR4,Montana,59301
longTermCareR4,Montana,59724
longTermCareR4,Montana,59821
longTermCareR4,Montana,59053
longTermCareR4,Montana,59901
longTermCareR4,Montana,59036
longTermCareR4,Montana,59046
longTermCareR4,Montana,59420
longTermCareR4,Montana,59416
longTermCareR4,Montana,59831
longTermCareR4,Montana,59004
longTermCareR4,Montana,59641
longTermCareR4,Montana,59326
longTermCareR4,Montana,59214
longTermCareR4,Montana,59461
longTermCareR4,Montana,59054
longTermCareR4,Montana,59820
longTermCareR4,Montana,59001
longTermCareR4,Montana,59827
longTermCareR4,Montana,59032
longTermCareR4,Montana,59016
longTermCareR4,Montana,59211
longTermCareR4,Montana,59411
longTermCareR4,Montana,59217
longTermCareR4,Montana,59010
longTermCareR4,Montana,59259
longTermCareR4,Montana,59018
longTermCareR4,Montana,59223
longTermCareR4,Montana,59714
longTermCareR4,Montana,59401
longTermCareR4,Montana,59011
longTermCareR4,Montana,59917
longTermCareR4,Montana,59435
longTermCareR4,Montana,59710
longTermCareR4,Montana,59002
longTermCareR4,Montana,59711
longTermCareR4,Montana,59801
longTermCareR4,Montana,59313
longTermCareR4,North Carolina,28636
longTermCareR4,North Carolina,28421
longTermCareR4,North Carolina,27916
longTermCareR4,North Carolina,27011
longTermCareR4,North Carolina,28616
longTermCareR4,North Carolina,27237
longTermCareR4,North Carolina,27557
longTermCareR4,North Carolina,27928
longTermCareR4,North Carolina,27820
longTermCareR4,North Carolina,28623
longTermCareR4,North Carolina,27823
longTermCareR4,North Carolina,27818
longTermCareR4,North Carolina,27212
longTermCareR4,North Carolina,27824
longTermCareR4,North Carolina,27921
longTermCareR4,North Carolina,27025
longTermCareR4,North Carolina,28611
longTermCareR4,North Carolina,28025
longTermCareR4,North Carolina,28010
longTermCareR4,North Carolina,28722
longTermCareR4,North Carolina,27006
longTermCareR4,North Carolina,27507
longTermCareR4,North Carolina,28708
longTermCareR4,North Carolina,27214
longTermCareR4,North Carolina,28519
longTermCareR4,North Carolina,27009
longTermCareR4,North Carolina,27919
longTermCareR4,North Carolina,27806
longTermCareR4,North Carolina,28734
longTermCareR4,North Carolina,27551
longTermCareR4,North Carolina,27207
longTermCareR4,North Carolina,28006
longTermCareR4,North Carolina,27209
longTermCareR4,North Carolina,27239
longTermCareR4,North Carolina,28743
longTermCareR4,North Carolina,28902
longTermCareR4,North Carolina,27203
longTermCareR4,North Carolina,28319
longTermCareR4,North Carolina,28707
longTermCareR4,North Carolina,27811
longTermCareR4,North Carolina,28522
longTermCareR4,North Carolina,27503
longTermCareR4,North Carolina,27306
longTermCareR4,North Carolina,27007
longTermCareR4,North Carolina,27530
longTermCareR4,North Carolina,27906
longTermCareR4,North Carolina,27805
longTermCareR4,North Carolina,28601
longTermCareR4,North Carolina,27013
longTermCareR4,North Carolina,27825
longTermCareR4,North Carolina,28501
longTermCareR4,North Carolina,28401
longTermCareR4,North Carolina,27536
longTermCareR4,North Carolina,28079
longTermCareR4,North Carolina,28445
longTermCareR4,North Carolina,27016
longTermCareR4,North Carolina,28033
longTermCareR4,North Carolina,28318
longTermCareR4,North Carolina,27801
longTermCareR4,North Carolina,28710
longTermCareR4,North Carolina,28606
longTermCareR4,North Carolina,28701
longTermCareR4,North Carolina,28343
longTermCareR4,North Carolina,28017
longTermCareR4,North Carolina,28714
longTermCareR4,North Carolina,28538
longTermCareR4,North Carolina,28702
longTermCareR4,North Carolina,27501
longTermCareR4,North Carolina,27508
longTermCareR4,North Carolina,28509
longTermCareR4,North Carolina,28325
longTermCareR4,North Carolina,28604
longTermCareR4,North Carolina,28737
longTermCareR4,North Carolina,27813
longTermCareR4,North Carolina,28716
longTermCareR4,North Carolina,27201
longTermCareR4,North Carolina,28733
longTermCareR4,North Carolina,27932
longTermCareR4,North Carolina,28705
longTermCareR4,North Carolina,27926
longTermCareR4,North Carolina,27231
longTermCareR4,North Carolina,28376
longTermCareR4,North Carolina,28615
longTermCareR4,North Carolina,28423
longTermCareR4,North Carolina,28320
longTermCareR4,North Carolina,27504
longTermCareR4,North Carolina,28420
longTermCareR4,North Carolina,28018
longTermCareR4,North Carolina,27343
longTermCareR4,North Carolina,28612
longTermCareR4,North Carolina,27502
longTermCareR4,North Carolina,28901
longTermCareR4,North Carolina,28301
longTermCareR4,North Carolina,27242
longTermCareR4,North Carolina,28001
longTermCareR4,North Carolina,27915
longTermCareR4,North Carolina,28031
longTermCareR4,North Carolina,28511
longTermCareR4,North Carolina,27925
longTermCareR4,North Carolina,28007
longTermCareR4,North Dakota,58477
longTermCareR4,North Dakota,58313
longTermCareR4,North Dakota,58001
longTermCareR4,North Dakota,58646
longTermCareR4,North Dakota,58415
longTermCareR4,North Dakota,58428
longTermCareR4,North Dakota,58430
longTermCareR4,North Dakota,58356
longTermCareR4,North Dakota,58524
longTermCareR4,North Dakota,58440
longTermCareR4,North Dakota,58216
longTermCareR4,North Dakota,58317
longTermCareR4,North Dakota,58520
longTermCareR4,North Dakota,58634
longTermCareR4,North Dakota,58210
longTermCareR4,North Dakota,58009
longTermCareR4,North Dakota,58421
longTermCareR4,North Dakota,58721
longTermCareR4,North Dakota,58031
longTermCareR4,North Dakota,58601
longTermCareR4,North Dakota,58332
longTermCareR4,North Dakota,58416
longTermCareR4,North Dakota,58621
longTermCareR4,North Dakota,58530
longTermCareR4,North Dakota,58027
longTermCareR4,North Dakota,58239
longTermCareR4,North Dakota,58523
longTermCareR4,North Dakota,58627
longTermCareR4,North Dakota,58413
longTermCareR4,North Dakota,58529
longTermCareR4,North Dakota,58002
longTermCareR4,North Dakota,58763
longTermCareR4,North Dakota,58625
longTermCareR4,North Dakota,58318
longTermCareR4,North Dakota,58201
longTermCareR4,North Dakota,58755
longTermCareR4,North Dakota,58623
longTermCareR4,North Dakota,58212
longTermCareR4,North Dakota,58436
longTermCareR4,North Dakota,58341
longTermCareR4,North Dakota,58528
longTermCareR4,North Dakota,58013
longTermCareR4,North Dakota,58046
longTermCareR4,North Dakota,58701
longTermCareR4,North Dakota,58531
longTermCareR4,North Dakota,58730
longTermCareR4,North Dakota,58710
longTermCareR4,North Dakota,58401
longTermCareR4,North Dakota,58310
longTermCareR4,North Dakota,58301
longTermCareR4,North Dakota,58740
longTermCareR4,North Dakota,58639
longTermCareR4,North Dakota,58620
longTermCareR4,Nebraska,68007
longTermCareR4,Nebraska,68316
longTermCareR4,Nebraska,68329
longTermCareR4,Nebraska,69340
longTermCareR4,Nebraska,69341
longTermCareR4,Nebraska,69021
longTermCareR4,Nebraska,69101
longTermCareR4,Nebraska,68025
longTermCareR4,Nebraska,68812
longTermCareR4,Nebraska,68943
longTermCareR4,Nebraska,68039
longTermCareR4,Nebraska,69301
longTermCareR4,Nebraska,68601
longTermCareR4,Nebraska,68002
longTermCareR4,Nebraska,68718
longTermCareR4,Nebraska,69001
longTermCareR4,Nebraska,68313
longTermCareR4,Nebraska,68333
longTermCareR4,Nebraska,68305
longTermCareR4,Nebraska,68920
longTermCareR4,Nebraska,69135
longTermCareR4,Nebraska,68711
longTermCareR4,Nebraska,68003
longTermCareR4,Nebraska,68738
longTermCareR4,Nebraska,68628
longTermCareR4,Nebraska,68019
longTermCareR4,Nebraska,69163
longTermCareR4,Nebraska,68924
longTermCareR4,Nebraska,68879
longTermCareR4,Nebraska,68923
longTermCareR4,Nebraska,68622
longTermCareR4,Nebraska,68030
longTermCareR4,Nebraska,68629
longTermCareR4,Nebraska,68337
longTermCareR4,Nebraska,68937
longTermCareR4,Nebraska,69337
longTermCareR4,Nebraska,68636
longTermCareR4,Nebraska,68338
longTermCareR4,Nebraska,68301
longTermCareR4,Nebraska,68317
longTermCareR4,Nebraska,69131
longTermCareR4,Nebraska,68303
longTermCareR4,Nebraska,68834
longTermCareR4,Nebraska,69127
longTermCareR4,Nebraska,69025
longTermCareR4,Nebraska,68837
longTermCareR4,Nebraska,68753
longTermCareR4,Nebraska,68856
longTermCareR4,Nebraska,68714
longTermCareR4,Nebraska,69167
longTermCareR4,Nebraska,69147
longTermCareR4,Nebraska,69032
longTermCareR4,Nebraska,69023
longTermCareR4,Nebraska,69345
longTermCareR4,Nebraska,68801
longTermCareR4,Nebraska,68701
longTermCareR4,Nebraska,69121
longTermCareR4,Nebraska,69346
longTermCareR4,Nebraska,68922
longTermCareR4,Nebraska,68710
longTermCareR4,Nebraska,68929
longTermCareR4,Nebraska,68723
longTermCareR4,Nebraska,68638
longTermCareR4,Nebraska,69024
longTermCareR4,Nebraska,69122
longTermCareR4,Nebraska,68768
longTermCareR4,Nebraska,68823
longTermCareR4,Nebraska,68335
longTermCareR4,Nebraska,68452
longTermCareR4,Nebraska,68651
longTermCareR4,Nebraska,68001
longTermCareR4,Nebraska,69134
longTermCareR4,Nebraska,69125
longTermCareR4,Nebraska,68345
longTermCareR4,Nebraska,69128
longTermCareR4,Nebraska,68821
longTermCareR4,Nebraska,69333
longTermCareR4,Nebraska,68004
longTermCareR4,Nebraska,69210
longTermCareR4,Nebraska,68005
longTermCareR4,Nebraska,68928
longTermCareR4,Nebraska,68324
longTermCareR4,Nebraska,68665
longTermCareR4,Nebraska,68818
longTermCareR4,Nebraska,68620
longTermCareR4,Nebraska,68016
longTermCareR4,Nebraska,68717
longTermCareR4,Nebraska,69152
longTermCareR4,Nebraska,68817
longTermCareR4,Nebraska,68719
longTermCareR4,Nebraska,68820
longTermCareR4,Nebraska,68813
longTermCareR4,Nebraska,69142
longTermCareR4,New Hampshire,3215
longTermCareR4,New Hampshire,3431
longTermCareR4,New Hampshire,3218
longTermCareR4,New Hampshire,3815
longTermCareR4,New Hampshire,3280
longTermCareR4,New Hampshire,3031
longTermCareR4,New Hampshire,3032
longTermCareR4,New Hampshire,3227
longTermCareR4,New Hampshire,3046
longTermCareR4,New Hampshire,3570
longTermCareR4,New Jersey,8014
longTermCareR4,New Jersey,8010
longTermCareR4,New Jersey,7003
longTermCareR4,New Jersey,8202
longTermCareR4,New Jersey,8001
longTermCareR4,New Jersey,8302
longTermCareR4,New Jersey,7830
longTermCareR4,New Jersey,7416
longTermCareR4,New Jersey,8037
longTermCareR4,New Jersey,7010
longTermCareR4,New Jersey,7002
longTermCareR4,New Jersey,7005
longTermCareR4,New Jersey,7016
longTermCareR4,New Jersey,7059
longTermCareR4,New Jersey,8005
longTermCareR4,New Jersey,7011
longTermCareR4,New Jersey,8002
longTermCareR4,New Jersey,7001
longTermCareR4,New Jersey,7701
longTermCareR4,New Jersey,8520
longTermCareR4,New Jersey,7820
longTermCareR4,New Mexico,87730
longTermCareR4,New Mexico,87001
longTermCareR4,New Mexico,88410
longTermCareR4,New Mexico,87712
longTermCareR4,New Mexico,87009
longTermCareR4,New Mexico,87008
longTermCareR4,New Mexico,88029
longTermCareR4,New Mexico,87544
longTermCareR4,New Mexico,87936
longTermCareR4,New Mexico,88201
longTermCareR4,New Mexico,87045
longTermCareR4,New Mexico,87512
longTermCareR4,New Mexico,88301
longTermCareR4,New Mexico,88310
longTermCareR4,New Mexico,88009
longTermCareR4,New Mexico,87010
longTermCareR4,New Mexico,88113
longTermCareR4,New Mexico,87654
longTermCareR4,New Mexico,87711
longTermCareR4,New Mexico,87710
longTermCareR4,New Mexico,88022
longTermCareR4,New Mexico,88101
longTermCareR4,New Mexico,88210
longTermCareR4,New Mexico,87538
longTermCareR4,New Mexico,87037
longTermCareR4,New Mexico,88112
longTermCareR4,New Mexico,87820
longTermCareR4,New Mexico,87012
longTermCareR4,New Mexico,87002
longTermCareR4,New Mexico,87005
longTermCareR4,New Mexico,87006
longTermCareR4,New Mexico,88119
longTermCareR4,New Mexico,88114
longTermCareR4,Nevada,89415
longTermCareR4,Nevada,89404
longTermCareR4,Nevada,89406
longTermCareR4,Nevada,89001
longTermCareR4,Nevada,89410
longTermCareR4,Nevada,89402
longTermCareR4,Nevada,89310
longTermCareR4,Nevada,89801
longTermCareR4,Nevada,89403
longTermCareR4,Nevada,89701
longTermCareR4,Nevada,89316
longTermCareR4,Nevada,88901
longTermCareR4,Nevada,89437
longTermCareR4,Nevada,89010
longTermCareR4,Nevada,89003
longTermCareR4,Nevada,89418
longTermCareR4,Nevada,89301
longTermCareR4,New York,12345
longTermCareR4,New York,12064
longTermCareR4,New York,11001
longTermCareR4,New York,12901
longTermCareR4,New York,14048
longTermCareR4,New York,12922
longTermCareR4,New York,14041
longTermCareR4,New York,13324
longTermCareR4,New York,12851
longTermCareR4,New York,14414
longTermCareR4,New York,12015
longTermCareR4,New York,14029
longTermCareR4,New York,14098
longTermCareR4,New York,12007
longTermCareR4,New York,12010
longTermCareR4,New York,10501
longTermCareR4,New York,13737
longTermCareR4,New York,14001
longTermCareR4,New York,13053
longTermCareR4,New York,13040
longTermCareR4,New York,13020
longTermCareR4,New York,12019
longTermCareR4,New York,13732
longTermCareR4,New York,14410
longTermCareR4,New York,12701
longTermCareR4,New York,12031
longTermCareR4,New York,13030
longTermCareR4,New York,13065
longTermCareR4,New York,14529
longTermCareR4,New York,10509
longTermCareR4,New York,10910
longTermCareR4,New York,13054
longTermCareR4,New York,14415
longTermCareR4,New York,12108
longTermCareR4,New York,13143
longTermCareR4,New York,11201
longTermCareR4,New York,14805
longTermCareR4,New York,12017
longTermCareR4,New York,12809
longTermCareR4,New York,14005
longTermCareR4,New York,10001
longTermCareR4,New York,13601
longTermCareR4,New York,14008
longTermCareR4,New York,501
longTermCareR4,New York,10451
longTermCareR4,New York,13305
longTermCareR4,New York,11004
longTermCareR4,New York,12008
longTermCareR4,New York,10901
longTermCareR4,New York,12801
longTermCareR4,New York,13021
longTermCareR4,New York,12401
longTermCareR4,New York,10301
longTermCareR4,New York,13028
longTermCareR4,New York,13124
longTermCareR4,New York,14814
longTermCareR4,New York,14009
longTermCareR4,New York,14424
longTermCareR4,New York,12501
longTermCareR4,New York,12018
longTermCareR4,New York,12914
longTermCareR4,New York,12167
longTermCareR4,New York,12025
longTermCareR4,Ohio,43310
longTermCareR4,Ohio,43006
longTermCareR4,Ohio,45819
longTermCareR4,Ohio,43402
longTermCareR4,Ohio,45004
longTermCareR4,Ohio,44401
longTermCareR4,Ohio,43076
longTermCareR4,Ohio,43002
longTermCareR4,Ohio,43103
longTermCareR4,Ohio,43407
longTermCareR4,Ohio,43003
longTermCareR4,Ohio,44021
longTermCareR4,Ohio,43711
longTermCareR4,Ohio,45310
longTermCareR4,Ohio,45614
longTermCareR4,Ohio,43101
longTermCareR4,Ohio,45613
longTermCareR4,Ohio,43438
longTermCareR4,Ohio,45102
longTermCareR4,Ohio,43512
longTermCareR4,Ohio,45302
longTermCareR4,Ohio,43010
longTermCareR4,Ohio,45622
longTermCareR4,Ohio,45105
longTermCareR4,Ohio,43001
longTermCareR4,Ohio,44017
longTermCareR4,Ohio,43111
longTermCareR4,Ohio,44212
longTermCareR4,Ohio,43007
longTermCareR4,Ohio,45312
longTermCareR4,Ohio,43005
longTermCareR4,Ohio,43301
longTermCareR4,Ohio,45815
longTermCareR4,Ohio,43728
longTermCareR4,Ohio,43803
longTermCareR4,Ohio,44826
longTermCareR4,Ohio,45301
longTermCareR4,Ohio,44802
longTermCareR4,Ohio,44805
longTermCareR4,Ohio,43907
longTermCareR4,Ohio,44804
longTermCareR4,Ohio,44056
longTermCareR4,Ohio,44607
longTermCareR4,Ohio,43046
longTermCareR4,Ohio,43722
longTermCareR4,Ohio,45003
longTermCareR4,Ohio,45813
longTermCareR4,Ohio,44003
longTermCareR4,Ohio,44402
longTermCareR4,Ohio,45001
longTermCareR4,Ohio,43326
longTermCareR4,Ohio,44813
longTermCareR4,Ohio,45303
longTermCareR4,Ohio,43716
longTermCareR4,Ohio,43106
longTermCareR4,Ohio,43408
longTermCareR4,Ohio,44820
longTermCareR4,Ohio,45832
longTermCareR4,Ohio,44045
longTermCareR4,Ohio,43901
longTermCareR4,Ohio,43412
longTermCareR4,Ohio,45712
longTermCareR4,Ohio,43009
longTermCareR4,Ohio,44214
longTermCareR4,Ohio,43713
longTermCareR4,Ohio,44201
longTermCareR4,Ohio,43920
longTermCareR4,Ohio,45107
longTermCareR4,Ohio,44001
longTermCareR4,Ohio,43701
longTermCareR4,Ohio,43316
longTermCareR4,Ohio,43502
longTermCareR4,Ohio,45701
longTermCareR4,Ohio,45619
longTermCareR4,Ohio,45621
longTermCareR4,Ohio,43832
longTermCareR4,Ohio,44601
longTermCareR4,Ohio,43501
longTermCareR4,Ohio,45005
longTermCareR4,Ohio,45801
longTermCareR4,Ohio,45720
longTermCareR4,Ohio,43029
longTermCareR4,Ohio,45629
longTermCareR4,Ohio,43315
longTermCareR4,Ohio,45309
longTermCareR4,Ohio,45101
longTermCareR4,Ohio,45123
longTermCareR4,Ohio,43510
longTermCareR4,Oklahoma,74521
longTermCareR4,Oklahoma,73019
longTermCareR4,Oklahoma,73544
longTermCareR4,Oklahoma,73041
longTermCareR4,Oklahoma,73844
longTermCareR4,Oklahoma,74008
longTermCareR4,Oklahoma,74457
longTermCareR4,Oklahoma,73030
longTermCareR4,Oklahoma,73439
longTermCareR4,Oklahoma,74020
longTermCareR4,Oklahoma,73531
longTermCareR4,Oklahoma,73432
longTermCareR4,Oklahoma,73627
longTermCareR4,Oklahoma,73401
longTermCareR4,Oklahoma,73654
longTermCareR4,Oklahoma,73449
longTermCareR4,Oklahoma,74301
longTermCareR4,Oklahoma,73521
longTermCareR4,Oklahoma,74727
longTermCareR4,Oklahoma,73055
longTermCareR4,Oklahoma,73014
longTermCareR4,Oklahoma,73002
longTermCareR4,Oklahoma,74335
longTermCareR4,Oklahoma,73456
longTermCareR4,Oklahoma,74425
longTermCareR4,Oklahoma,73501
longTermCareR4,Oklahoma,73901
longTermCareR4,Oklahoma,74820
longTermCareR4,Oklahoma,74401
longTermCareR4,Oklahoma,74426
longTermCareR4,Oklahoma,73832
longTermCareR4,Oklahoma,73758
longTermCareR4,Oklahoma,74440
longTermCareR4,Oklahoma,74026
longTermCareR4,Oklahoma,74003
longTermCareR4,Oklahoma,73016
longTermCareR4,Oklahoma,74427
longTermCareR4,Oklahoma,73061
longTermCareR4,Oklahoma,73530
longTermCareR4,Oklahoma,74601
longTermCareR4,Oklahoma,74047
longTermCareR4,Oklahoma,74801
longTermCareR4,Oklahoma,73628
longTermCareR4,Oklahoma,74015
longTermCareR4,Oklahoma,73040
longTermCareR4,Oklahoma,74829
longTermCareR4,Oklahoma,73003
longTermCareR4,Oklahoma,73021
longTermCareR4,Oklahoma,74330
longTermCareR4,Oklahoma,74331
longTermCareR4,Oklahoma,73716
longTermCareR4,Oklahoma,73052
longTermCareR4,Oklahoma,73834
longTermCareR4,Oklahoma,74549
longTermCareR4,Oklahoma,74818
longTermCareR4,Oklahoma,74023
longTermCareR4,Oklahoma,74014
longTermCareR4,Oklahoma,73933
longTermCareR4,Oklahoma,73056
longTermCareR4,Oklahoma,73430
longTermCareR4,Oklahoma,73001
longTermCareR4,Oklahoma,73718
longTermCareR4,Oklahoma,74435
longTermCareR4,Oklahoma,74545
longTermCareR4,Oklahoma,73801
longTermCareR4,Oklahoma,74001
longTermCareR4,Oklahoma,73010
longTermCareR4,Oklahoma,74722
longTermCareR4,Oklahoma,73547
longTermCareR4,Oklahoma,73027
longTermCareR4,Oklahoma,74534
longTermCareR4,Oklahoma,73096
longTermCareR4,Oklahoma,74531
longTermCareR4,Oklahoma,74027
longTermCareR4,Oklahoma,73717
longTermCareR4,Oklahoma,74010
longTermCareR4,Oklahoma,74525
longTermCareR4,Oregon,97711
longTermCareR4,Oregon,97601
longTermCareR4,Oregon,97102
longTermCareR4,Oregon,97016
longTermCareR4,Oregon,97497
longTermCareR4,Oregon,97901
longTermCareR4,Oregon,97324
longTermCareR4,Oregon,97010
longTermCareR4,Oregon,97004
longTermCareR4,Oregon,97824
longTermCareR4,Oregon,97410
longTermCareR4,Oregon,97814
longTermCareR4,Oregon,97710
longTermCareR4,Oregon,97003
longTermCareR4,Oregon,97029
longTermCareR4,Oregon,97828
longTermCareR4,Oregon,97818
longTermCareR4,Oregon,97407
longTermCareR4,Oregon,97001
longTermCareR4,Oregon,97014
longTermCareR4,Oregon,97801
longTermCareR4,Oregon,97321
longTermCareR4,Oregon,97701
longTermCareR4,Oregon,97750
longTermCareR4,Oregon,97751
longTermCareR4,Oregon,97326
longTermCareR4,Oregon,97812
longTermCareR4,Oregon,97107
longTermCareR4,Oregon,97501
longTermCareR4,Oregon,97002
longTermCareR4,Oregon,97304
longTermCareR4,Oregon,97101
longTermCareR4,Oregon,97401
longTermCareR4,Oregon,97620
longTermCareR4,Oregon,97817
longTermCareR4,Oregon,97406
longTermCareR4,Pennsylvania,15711
longTermCareR4,Pennsylvania,16110
longTermCareR4,Pennsylvania,17301
longTermCareR4,Pennsylvania,16677
longTermCareR4,Pennsylvania,17829
longTermCareR4,Pennsylvania,15012
longTermCareR4,Pennsylvania,16910
longTermCareR4,Pennsylvania,18405
longTermCareR4,Pennsylvania,17014
longTermCareR4,Pennsylvania,17701
longTermCareR4,Pennsylvania,16333
longTermCareR4,Pennsylvania,15001
longTermCareR4,Pennsylvania,18413
longTermCareR4,Pennsylvania,16901
longTermCareR4,Pennsylvania,17017
longTermCareR4,Pennsylvania,17001
longTermCareR4,Pennsylvania,16239
longTermCareR4,Pennsylvania,18039
longTermCareR4,Pennsylvania,17201
longTermCareR4,Pennsylvania,16601
longTermCareR4,Pennsylvania,17022
longTermCareR4,Pennsylvania,17005
longTermCareR4,Pennsylvania,16611
longTermCareR4,Pennsylvania,16720
longTermCareR4,Pennsylvania,19301
longTermCareR4,Pennsylvania,16312
longTermCareR4,Pennsylvania,15832
longTermCareR4,Pennsylvania,16113
longTermCareR4,Pennsylvania,17812
longTermCareR4,Pennsylvania,15714
longTermCareR4,Pennsylvania,18001
longTermCareR4,Pennsylvania,17006
longTermCareR4,Pennsylvania,16001
longTermCareR4,Pennsylvania,16822
longTermCareR4,Pennsylvania,15401
longTermCareR4,Pennsylvania,15006
longTermCareR4,Pennsylvania,19008
longTermCareR4,Pennsylvania,18201
longTermCareR4,Pennsylvania,18419
longTermCareR4,Pennsylvania,17003
longTermCareR4,Pennsylvania,15536
longTermCareR4,Pennsylvania,18012
longTermCareR4,Pennsylvania,17019
longTermCareR4,Pennsylvania,18041
longTermCareR4,Pennsylvania,18056
longTermCareR4,Pennsylvania,15721
longTermCareR4,Pennsylvania,15411
longTermCareR4,Pennsylvania,17731
longTermCareR4,Pennsylvania,17002
longTermCareR4,Pennsylvania,17814
longTermCareR4,Pennsylvania,15656
longTermCareR4,Pennsylvania,15004
longTermCareR4,Pennsylvania,18011
longTermCareR4,Pennsylvania,15681
longTermCareR4,Pennsylvania,16051
longTermCareR4,Pennsylvania,16036
longTermCareR4,Pennsylvania,18403
longTermCareR4,Pennsylvania,19019
longTermCareR4,Pennsylvania,15521
longTermCareR4,Pennsylvania,16401
longTermCareR4,Pennsylvania,15310
longTermCareR4,Pennsylvania,17901
longTermCareR4,Pennsylvania,17821
longTermCareR4,Pennsylvania,18324
longTermCareR4,Pennsylvania,16301
longTermCareR4,Pennsylvania,18058
longTermCareR4,Pennsylvania,15821
longTermCareR4,Rhode Island,2801
longTermCareR4,Rhode Island,2816
longTermCareR4,Rhode Island,2804
longTermCareR4,Rhode Island,2802
longTermCareR4,Rhode Island,2806
longTermCareR4,South Carolina,29401
longTermCareR4,South Carolina,29009
longTermCareR4,South Carolina,29058
longTermCareR4,South Carolina,29056
longTermCareR4,South Carolina,29511
longTermCareR4,South Carolina,29620
longTermCareR4,South Carolina,29340
longTermCareR4,South Carolina,29018
longTermCareR4,South Carolina,29031
longTermCareR4,South Carolina,29138
longTermCareR4,South Carolina,29821
longTermCareR4,South Carolina,29037
longTermCareR4,South Carolina,29410
longTermCareR4,South Carolina,29810
longTermCareR4,South Carolina,29002
longTermCareR4,South Carolina,29006
longTermCareR4,South Carolina,29082
longTermCareR4,South Carolina,29040
longTermCareR4,South Carolina,29643
longTermCareR4,South Carolina,29512
longTermCareR4,South Carolina,29703
longTermCareR4,South Carolina,29440
longTermCareR4,South Carolina,29014
longTermCareR4,South Carolina,29630
longTermCareR4,South Carolina,29420
longTermCareR4,South Carolina,29621
longTermCareR4,South Carolina,29911
longTermCareR4,South Carolina,29601
longTermCareR4,South Carolina,29901
longTermCareR4,South Carolina,29003
longTermCareR4,South Carolina,29325
longTermCareR4,South Carolina,29646
longTermCareR4,South Carolina,29114
longTermCareR4,South Carolina,29301
longTermCareR4,South Carolina,29912
longTermCareR4,South Carolina,29010
longTermCareR4,South Carolina,29101
longTermCareR4,South Carolina,29536
longTermCareR4,South Carolina,29519
longTermCareR4,South Carolina,29105
longTermCareR4,South Carolina,29812
longTermCareR4,South Carolina,29015
longTermCareR4,South Carolina,29001
longTermCareR4,South Carolina,29069
longTermCareR4,South Carolina,29030
longTermCareR4,South Carolina,29824
longTermCareR4,South Dakota,57012
longTermCareR4,South Dakota,57322
longTermCareR4,South Dakota,57532
longTermCareR4,South Dakota,57555
longTermCareR4,South Dakota,57521
longTermCareR4,South Dakota,57317
longTermCareR4,South Dakota,57029
longTermCareR4,South Dakota,57325
longTermCareR4,South Dakota,57001
longTermCareR4,South Dakota,57701
longTermCareR4,South Dakota,57650
longTermCareR4,South Dakota,57224
longTermCareR4,South Dakota,57716
longTermCareR4,South Dakota,57560
longTermCareR4,South Dakota,57213
longTermCareR4,South Dakota,57201
longTermCareR4,South Dakota,57732
longTermCareR4,South Dakota,57435
longTermCareR4,South Dakota,57531
longTermCareR4,South Dakota,57313
longTermCareR4,South Dakota,57339
longTermCareR4,South Dakota,57428
longTermCareR4,South Dakota,57014
longTermCareR4,South Dakota,57520
longTermCareR4,South Dakota,57401
longTermCareR4,South Dakota,57216
longTermCareR4,South Dakota,57735
longTermCareR4,South Dakota,57016
longTermCareR4,South Dakota,57620
longTermCareR4,South Dakota,57013
longTermCareR4,South Dakota,57219
longTermCareR4,South Dakota,57312
longTermCareR4,South Dakota,57221
longTermCareR4,South Dakota,57232
longTermCareR4,South Dakota,57626
longTermCareR4,South Dakota,57017
longTermCareR4,South Dakota,57622
longTermCareR4,South Dakota,57059
longTermCareR4,South Dakota,57625
longTermCareR4,South Dakota,57003
longTermCareR4,South Dakota,57217
longTermCareR4,South Dakota,57051
longTermCareR4,South Dakota,57345
longTermCareR4,South Dakota,57621
longTermCareR4,South Dakota,57442
longTermCareR4,South Dakota,57076
longTermCareR4,South Dakota,57552
longTermCareR4,South Dakota,57314
longTermCareR4,South Dakota,57420
longTermCareR4,South Dakota,57437
longTermCareR4,South Dakota,57362
longTermCareR4,South Dakota,57501
longTermCareR4,South Dakota,57722
longTermCareR4,South Dakota,57031
longTermCareR4,South Dakota,57365
longTermCareR4,South Dakota,57010
longTermCareR4,South Dakota,57528
longTermCareR4,South Dakota,57632
longTermCareR4,South Dakota,57424
longTermCareR4,South Dakota,57717
longTermCareR4,South Dakota,57368
longTermCareR4,South Dakota,57551
longTermCareR4,South Dakota,57311
longTermCareR4,South Dakota,57301
longTermCareR4,South Dakota,57002
longTermCareR4,South Dakota,57329
longTermCareR4,Tennessee,37707
longTermCareR4,Tennessee,37110
longTermCareR4,Tennessee,37617
longTermCareR4,Tennessee,37057
longTermCareR4,Tennessee,37037
longTermCareR4,Tennessee,37144
longTermCareR4,Tennessee,37640
longTermCareR4,Tennessee,37708
longTermCareR4,Tennessee,37713
longTermCareR4,Tennessee,37307
longTermCareR4,Tennessee,37030
longTermCareR4,Tennessee,37310
longTermCareR4,Tennessee,37096
longTermCareR4,Tennessee,38310
longTermCareR4,Tennessee,38559
longTermCareR4,Tennessee,37025
longTermCareR4,Tennessee,37725
longTermCareR4,Tennessee,38504
longTermCareR4,Tennessee,37303
longTermCareR4,Tennessee,37012
longTermCareR4,Tennessee,38008
longTermCareR4,Tennessee,37078
longTermCareR4,Tennessee,38449
longTermCareR4,Tennessee,38001
longTermCareR4,Tennessee,37015
longTermCareR4,Tennessee,37023
longTermCareR4,Tennessee,38551
longTermCareR4,Tennessee,38311
longTermCareR4,Tennessee,38456
longTermCareR4,Tennessee,37011
longTermCareR4,Tennessee,37337
longTermCareR4,Tennessee,38328
longTermCareR4,Tennessee,37010
longTermCareR4,Tennessee,38549
longTermCareR4,Tennessee,37367
longTermCareR4,Tennessee,38301
longTermCareR4,Tennessee,37306
longTermCareR4,Tennessee,37705
longTermCareR4,Tennessee,37352
longTermCareR4,Tennessee,37014
longTermCareR4,Tennessee,37071
longTermCareR4,Tennessee,37748
longTermCareR4,Tennessee,38545
longTermCareR4,Tennessee,37061
longTermCareR4,Tennessee,38462
longTermCareR4,Tennessee,37701
longTermCareR4,Tennessee,37174
longTermCareR4,Tennessee,37738
longTermCareR4,Tennessee,38225
longTermCareR4,Tennessee,37301
longTermCareR4,Tennessee,37314
longTermCareR4,Tennessee,38332
longTermCareR4,Tennessee,38541
longTermCareR4,Tennessee,37327
longTermCareR4,Tennessee,38007
longTermCareR4,Tennessee,38326
longTermCareR4,Tennessee,37650
longTermCareR4,Tennessee,37778
longTermCareR4,Tennessee,38221
longTermCareR4,Tennessee,37322
longTermCareR4,Tennessee,37321
longTermCareR4,Tennessee,38004
longTermCareR4,Tennessee,37040
longTermCareR4,Tennessee,37732
longTermCareR4,Tennessee,38222
longTermCareR4,Tennessee,38425
longTermCareR4,Tennessee,37501
longTermCareR4,Tennessee,38037
longTermCareR4,Tennessee,37719
longTermCareR4,Tennessee,37016
longTermCareR4,Tennessee,38077
longTermCareR4,Tennessee,37714
longTermCareR4,Tennessee,37742
longTermCareR4,Tennessee,38012
longTermCareR4,Tennessee,38585
longTermCareR4,Tennessee,37616
longTermCareR4,Tennessee,37020
longTermCareR4,Tennessee,37022
longTermCareR4,Tennessee,37765
longTermCareR4,Tennessee,38233
longTermCareR4,Tennessee,37083
longTermCareR4,Tennessee,37029
longTermCareR4,Tennessee,37018
longTermCareR4,Tennessee,37642
longTermCareR4,Tennessee,38232
longTermCareR4,Tennessee,37643
longTermCareR4,Tennessee,37721
longTermCareR4,Tennessee,37302
longTermCareR4,Tennessee,37340
longTermCareR4,Tennessee,38501
longTermCareR4,Tennessee,37779
longTermCareR4,Tennessee,38010
longTermCareR4,Tennessee,38201
longTermCareR4,Tennessee,37601
longTermCareR4,Tennessee,37019
longTermCareR4,Texas,76001
longTermCareR4,Texas,75032
longTermCareR4,Texas,75838
longTermCareR4,Texas,79821
longTermCareR4,Texas,75834
longTermCareR4,Texas,79077
longTermCareR4,Texas,77611
longTermCareR4,Texas,79830
longTermCareR4,Texas,79223
longTermCareR4,Texas,76883
longTermCareR4,Texas,78618
longTermCareR4,Texas,76442
longTermCareR4,Texas,79009
longTermCareR4,Texas,79226
longTermCareR4,Texas,78070
longTermCareR4,Texas,79506
longTermCareR4,Texas,78005
longTermCareR4,Texas,78801
longTermCareR4,Texas,76483
longTermCareR4,Texas,79003
longTermCareR4,Texas,78332
longTermCareR4,Texas,79734
longTermCareR4,Texas,75934
longTermCareR4,Texas,79005
longTermCareR4,Texas,75102
longTermCareR4,Texas,77901
longTermCareR4,Texas,75760
longTermCareR4,Texas,77426
longTermCareR4,Texas,75652
longTermCareR4,Texas,79730
longTermCareR4,Texas,76821
longTermCareR4,Texas,79025
longTermCareR4,Texas,77320
longTermCareR4,Texas,76401
longTermCareR4,Texas,76861
longTermCareR4,Texas,76301
longTermCareR4,Texas,75002
longTermCareR4,Texas,79019
longTermCareR4,Texas,79255
longTermCareR4,Texas,77801
longTermCareR4,Texas,75114
longTermCareR4,Texas,75457
longTermCareR4,Texas,75451
longTermCareR4,Texas,78363
longTermCareR4,Texas,78833
longTermCareR4,Texas,79738
longTermCareR4,Texas,76824
longTermCareR4,Texas,75551
longTermCareR4,Texas,79718
longTermCareR4,Texas,79227
longTermCareR4,Texas,78338
longTermCareR4,Texas,78561
longTermCareR4,Texas,77374
longTermCareR4,Texas,76930
longTermCareR4,Texas,77412
longTermCareR4,Texas,77331
longTermCareR4,Texas,79236
longTermCareR4,Texas,78832
longTermCareR4,Texas,78827
longTermCareR4,Texas,77836
longTermCareR4,Texas,75601
longTermCareR4,Texas,76849
longTermCareR4,Texas,79027
longTermCareR4,Texas,77964
longTermCareR4,Texas,76424
longTermCareR4,Texas,76874
longTermCareR4,Texas,77423
longTermCareR4,Texas,79837
longTermCareR4,Texas,76435
longTermCareR4,Texas,79752
longTermCareR4,Texas,79314
longTermCareR4,Texas,75936
longTermCareR4,Texas,75642
longTermCareR4,Texas,79330
longTermCareR4,Texas,76932
longTermCareR4,Texas,75411
longTermCareR4,Texas,79741
longTermCareR4,Texas,75852
longTermCareR4,Texas,79234
longTermCareR4,Texas,76009
longTermCareR4,Texas,79714
longTermCareR4,Texas,78606
longTermCareR4,Texas,76933
longTermCareR4,Texas,76363
longTermCareR4,Texas,79040
longTermCareR4,Texas,75929
longTermCareR4,Texas,76837
longTermCareR4,Texas,75935
longTermCareR4,Texas,76539
longTermCareR4,Texas,76828
longTermCareR4,Texas,76634
longTermCareR4,Texas,77404
longTermCareR4,Texas,76023
longTermCareR4,Texas,79316
longTermCareR4,Texas,79719
longTermCareR4,Texas,79059
longTermCareR4,Texas,75931
longTermCareR4,Texas,79018
longTermCareR4,Texas,79502
longTermCareR4,Texas,79039
longTermCareR4,Texas,79342
longTermCareR4,Texas,75564
longTermCareR4,Texas,79031
longTermCareR4,Texas,79221
longTermCareR4,Texas,75420
longTermCareR4,Texas,76936
longTermCareR4,Texas,78122
longTermCareR4,Texas,78536
longTermCareR4,Texas,77613
longTermCareR4,Texas,77001
longTermCareR4,Texas,78009
longTermCareR4,Texas,76443
longTermCareR4,Texas,78341
longTermCareR4,Texas,79007
longTermCareR4,Texas,78003
longTermCareR4,Texas,77954
longTermCareR4,Texas,78520
longTermCareR4,Texas,77957
longTermCareR4,Texas,75020
longTermCareR4,Texas,75440
longTermCareR4,Texas,79033
longTermCareR4,Texas,75835
longTermCareR4,Texas,79220
longTermCareR4,Texas,77327
longTermCareR4,Texas,79331
longTermCareR4,Texas,76527
longTermCareR4,Texas,76035
longTermCareR4,Texas,73301
longTermCareR4,Texas,78335
longTermCareR4,Texas,79013
longTermCareR4,Texas,76230
longTermCareR4,Texas,76501
longTermCareR4,Texas,79843
longTermCareR4,Texas,75928
longTermCareR4,Texas,75101
longTermCareR4,Texas,78067
longTermCareR4,Texas,75501
longTermCareR4,Texas,75930
longTermCareR4,Texas,76844
longTermCareR4,Texas,76351
longTermCareR4,Texas,77978
longTermCareR4,Texas,75410
longTermCareR4,Texas,78111
longTermCareR4,Texas,79754
longTermCareR4,Texas,76432
longTermCareR4,Texas,76522
longTermCareR4,Texas,76430
longTermCareR4,Texas,77510
longTermCareR4,Texas,75901
longTermCareR4,Texas,78102
longTermCareR4,Texas,75455
longTermCareR4,Texas,78602
longTermCareR4,Texas,76427
longTermCareR4,Texas,79022
longTermCareR4,Texas,75001
longTermCareR4,Texas,79731
longTermCareR4,Texas,78501
longTermCareR4,Texas,75763
longTermCareR4,Texas,78358
longTermCareR4,Texas,79052
longTermCareR4,Texas,78007
longTermCareR4,Texas,75413
longTermCareR4,Texas,76831
longTermCareR4,Texas,75415
longTermCareR4,Texas,79002
longTermCareR4,Texas,79713
longTermCareR4,Texas,76524
longTermCareR4,Texas,75412
longTermCareR4,Texas,76364
longTermCareR4,Texas,76388
longTermCareR4,Texas,78022
longTermCareR4,Texas,75640
longTermCareR4,Texas,75007
longTermCareR4,Texas,76518
longTermCareR4,Texas,79351
longTermCareR4,Texas,78851
longTermCareR4,Texas,79313
longTermCareR4,Texas,75135
longTermCareR4,Texas,76380
longTermCareR4,Texas,77418
longTermCareR4,Texas,76825
longTermCareR4,Texas,76067
longTermCareR4,Texas,75124
longTermCareR4,Texas,78010
longTermCareR4,Texas,76951
longTermCareR4,Texas,76436
longTermCareR4,Texas,79518
longTermCareR4,Texas,78001
longTermCareR4,Texas,78605
longTermCareR4,Texas,78360
longTermCareR4,Texas,78616
longTermCareR4,Texas,77422
longTermCareR4,Texas,79015
longTermCareR4,Texas,78114
longTermCareR4,Texas,76055
longTermCareR4,Texas,77853
longTermCareR4,Texas,76570
longTermCareR4,Texas,77950
longTermCareR4,Texas,79739
longTermCareR4,Texas,78353
longTermCareR4,Texas,79701
longTermCareR4,Texas,76008
longTermCareR4,Texas,77363
longTermCareR4,Texas,76635
longTermCareR4,Texas,79512
longTermCareR4,Texas,78330
longTermCareR4,Texas,78829
longTermCareR4,Texas,77301
longTermCareR4,Texas,78108
longTermCareR4,Texas,79001
longTermCareR4,Texas,79745
longTermCareR4,Texas,79021
longTermCareR4,Texas,79233
longTermCareR4,Texas,79012
longTermCareR4,Texas,79501
longTermCareR4,Texas,78040
longTermCareR4,Texas,79011
longTermCareR4,Texas,79508
longTermCareR4,Texas,76238
longTermCareR4,Texas,76043
longTermCareR4,Texas,78004
longTermCareR4,Texas,75831
longTermCareR4,Texas,75631
longTermCareR4,Texas,77053
longTermCareR4,Texas,79323
longTermCareR4,Texas,79534
longTermCareR4,Texas,76629
longTermCareR4,Texas,79201
longTermCareR4,Texas,79225
longTermCareR4,Texas,75568
longTermCareR4,Texas,77420
longTermCareR4,Texas,75757
longTermCareR4,Texas,78852
longTermCareR4,Texas,76228
longTermCareR4,Texas,79516
longTermCareR4,Texas,79855
longTermCareR4,Texas,78610
longTermCareR4,Texas,73960
longTermCareR4,Texas,79322
longTermCareR4,Texas,75701
longTermCareR4,Texas,76943
longTermCareR4,Texas,79324
longTermCareR4,Texas,77514
longTermCareR4,Texas,78932
longTermCareR4,Texas,79329
longTermCareR4,Texas,78837
longTermCareR4,Texas,79511
longTermCareR4,Texas,77960
longTermCareR4,Texas,76820
longTermCareR4,Texas,76372
longTermCareR4,Texas,75103
longTermCareR4,Texas,76841
longTermCareR4,Texas,78002
longTermCareR4,Texas,78008
longTermCareR4,Utah,84301
longTermCareR4,Utah,84028
longTermCareR4,Utah,84510
longTermCareR4,Utah,84722
longTermCareR4,Utah,84723
longTermCareR4,Utah,84008
longTermCareR4,Utah,84001
longTermCareR4,Utah,84032
longTermCareR4,Utah,84010
longTermCareR4,Utah,84624
longTermCareR4,Utah,84620
longTermCareR4,Utah,84713
longTermCareR4,Utah,84628
longTermCareR4,Utah,84304
longTermCareR4,Utah,84003
longTermCareR4,Utah,84067
longTermCareR4,Utah,84621
longTermCareR4,Utah,84022
longTermCareR4,Utah,84018
longTermCareR4,Utah,84712
longTermCareR4,Utah,84715
longTermCareR4,Utah,84006
longTermCareR4,Utah,84714
longTermCareR4,Utah,84513
longTermCareR4,Utah,84023
longTermCareR4,Utah,84515
longTermCareR4,Utah,84710
longTermCareR4,Utah,84017
longTermCareR4,Utah,84501
longTermCareR4,Virginia,24058
longTermCareR4,Virginia,23058
longTermCareR4,Virginia,23701
longTermCareR4,Virginia,22460
longTermCareR4,Virginia,20101
longTermCareR4,Virginia,24141
longTermCareR4,Virginia,22040
longTermCareR4,Virginia,22980
longTermCareR4,Virginia,20113
longTermCareR4,Virginia,24001
longTermCareR4,Virginia,22135
longTermCareR4,Virginia,24517
longTermCareR4,Virginia,22201
longTermCareR4,Virginia,24060
longTermCareR4,Virginia,22442
longTermCareR4,Virginia,22935
longTermCareR4,Virginia,24239
longTermCareR4,Virginia,22843
longTermCareR4,Virginia,23923
longTermCareR4,Virginia,24201
longTermCareR4,Virginia,24053
longTermCareR4,Virginia,23304
longTermCareR4,Virginia,24050
longTermCareR4,Virginia,23450
longTermCareR4,Virginia,23023
longTermCareR4,Virginia,22433
longTermCareR4,Virginia,23024
longTermCareR4,Virginia,23173
longTermCareR4,Virginia,22811
longTermCareR4,Virginia,22301
longTermCareR4,Virginia,23839
longTermCareR4,Virginia,23030
longTermCareR4,Virginia,23882
longTermCareR4,Virginia,22401
longTermCareR4,Virginia,23432
longTermCareR4,Virginia,23847
longTermCareR4,Virginia,23851
longTermCareR4,Virginia,24215
longTermCareR4,Virginia,23915
longTermCareR4,Virginia,24415
longTermCareR4,Virginia,24292
longTermCareR4,Virginia,23090
longTermCareR4,Virginia,23112
longTermCareR4,Virginia,24521
longTermCareR4,Virginia,23803
longTermCareR4,Virginia,23027
longTermCareR4,Virginia,23941
longTermCareR4,Virginia,23824
longTermCareR4,Virginia,23834
longTermCareR4,Virginia,23301
longTermCareR4,Virginia,20106
longTermCareR4,Virginia,24416
longTermCareR4,Virginia,24313
longTermCareR4,Virginia,22602
longTermCareR4,Virginia,23001
longTermCareR4,Virginia,23630
longTermCareR4,Virginia,22709
longTermCareR4,Virginia,20109
longTermCareR4,Virginia,24413
longTermCareR4,Virginia,24086
longTermCareR4,Virginia,24311
longTermCareR4,Virginia,23005
longTermCareR4,Virginia,24314
longTermCareR4,Virginia,23009
longTermCareR4,Virginia,24153
longTermCareR4,Virginia,23320
longTermCareR4,Virginia,23901
longTermCareR4,Virginia,23307
longTermCareR4,Virginia,23014
longTermCareR4,Virginia,23801
longTermCareR4,Virginia,23860
longTermCareR4,Virginia,22920
longTermCareR4,Virginia,24412
longTermCareR4,Virginia,23939
longTermCareR4,Virginia,20130
longTermCareR4,Virginia,24072
longTermCareR4,Virginia,22901
longTermCareR4,Virginia,20108
longTermCareR4,Virginia,22801
longTermCareR4,Virginia,22038
longTermCareR4,Virginia,22427
longTermCareR4,Virginia,24401
longTermCareR4,Virginia,22407
longTermCareR4,Virginia,24422
longTermCareR4,Virginia,24520
longTermCareR4,Virginia,23004
longTermCareR4,Virginia,24273
longTermCareR4,Virginia,23601
longTermCareR4,Virginia,24540
longTermCareR4,Virginia,24426
longTermCareR4,Virginia,23186
longTermCareR4,Virginia,24218
longTermCareR4,Virginia,24224
longTermCareR4,Virginia,22436
longTermCareR4,Virginia,24501
longTermCareR4,Virginia,20120
longTermCareR4,Virginia,22432
longTermCareR4,Virginia,24065
longTermCareR4,Virginia,23002
longTermCareR4,Virginia,22601
longTermCareR4,Virginia,23021
longTermCareR4,Virginia,23827
longTermCareR4,Virginia,23822
longTermCareR4,Virginia,22480
longTermCareR4,Virginia,23011
longTermCareR4,Virginia,24069
longTermCareR4,Virginia,22623
longTermCareR4,Virginia,24316
longTermCareR4,Virginia,24113
longTermCareR4,Virginia,22626
longTermCareR4,Virginia,24095
longTermCareR4,Virginia,24217
longTermCareR4,Virginia,23139
longTermCareR4,Virginia,22902
longTermCareR4,Virginia,23081
longTermCareR4,Virginia,22963
longTermCareR4,Virginia,24018
longTermCareR4,Virginia,23821
longTermCareR4,Virginia,20115
longTermCareR4,Virginia,23662
longTermCareR4,Virginia,22610
longTermCareR4,Virginia,23031
longTermCareR4,Virginia,24127
longTermCareR4,Virginia,24244
longTermCareR4,Virginia,22650
longTermCareR4,Virginia,23459
longTermCareR4,Virginia,24312
longTermCareR4,Virginia,22448
longTermCareR4,Virginia,24202
longTermCareR4,Virginia,24054
longTermCareR4,Vermont,5442
longTermCareR4,Vermont,5820
longTermCareR4,Vermont,5042
longTermCareR4,Vermont,5443
longTermCareR4,Vermont,5440
longTermCareR4,Vermont,5001
longTermCareR4,Vermont,5601
longTermCareR4,Vermont,5401
longTermCareR4,Vermont,5152
longTermCareR4,Vermont,5101
longTermCareR4,Vermont,5824
longTermCareR4,Vermont,5441
longTermCareR4,Vermont,5033
longTermCareR4,Vermont,5701
longTermCareR4,Washington,98581
longTermCareR4,Washington,99323
longTermCareR4,Washington,98605
longTermCareR4,Washington,98612
longTermCareR4,Washington,98524
longTermCareR4,Washington,98222
longTermCareR4,Washington,98812
longTermCareR4,Washington,99105
longTermCareR4,Washington,99401
longTermCareR4,Washington,98501
longTermCareR4,Washington,98001
longTermCareR4,Washington,98336
longTermCareR4,Washington,99017
longTermCareR4,Washington,98220
longTermCareR4,Washington,98061
longTermCareR4,Washington,99320
longTermCareR4,Washington,98305
longTermCareR4,Washington,98068
longTermCareR4,Washington,98320
longTermCareR4,Washington,98527
longTermCareR4,Washington,99118
longTermCareR4,Washington,98823
longTermCareR4,Washington,98012
longTermCareR4,Washington,99013
longTermCareR4,Washington,98901
longTermCareR4,Washington,99119
longTermCareR4,Washington,99001
longTermCareR4,Washington,98602
longTermCareR4,Washington,98802
longTermCareR4,Washington,99008
longTermCareR4,Washington,99347
longTermCareR4,Washington,99328
longTermCareR4,Washington,98601
longTermCareR4,Washington,99301
longTermCareR4,Washington,98801
longTermCareR4,Washington,98221
longTermCareR4,Washington,98236
longTermCareR4,Washington,98520
longTermCareR4,Washington,98303
longTermCareR4,Wisconsin,54135
longTermCareR4,Wisconsin,53010
longTermCareR4,Wisconsin,54725
longTermCareR4,Wisconsin,53036
longTermCareR4,Wisconsin,53929
longTermCareR4,Wisconsin,53554
longTermCareR4,Wisconsin,54115
longTermCareR4,Wisconsin,54401
longTermCareR4,Wisconsin,54601
longTermCareR4,Wisconsin,53518
longTermCareR4,Wisconsin,54830
longTermCareR4,Wisconsin,53504
longTermCareR4,Wisconsin,54721
longTermCareR4,Wisconsin,54526
longTermCareR4,Wisconsin,54001
longTermCareR4,Wisconsin,53821
longTermCareR4,Wisconsin,53926
longTermCareR4,Wisconsin,53920
longTermCareR4,Wisconsin,54525
longTermCareR4,Wisconsin,53910
longTermCareR4,Wisconsin,53001
longTermCareR4,Wisconsin,54926
longTermCareR4,Wisconsin,53508
longTermCareR4,Wisconsin,54611
longTermCareR4,Wisconsin,54612
longTermCareR4,Wisconsin,54002
longTermCareR4,Wisconsin,53004
longTermCareR4,Wisconsin,54701
longTermCareR4,Wisconsin,54621
longTermCareR4,Wisconsin,54459
longTermCareR4,Wisconsin,54930
longTermCareR4,Wisconsin,53503
longTermCareR4,Wisconsin,54610
longTermCareR4,Wisconsin,53101
longTermCareR4,Wisconsin,54724
longTermCareR4,Wisconsin,53105
longTermCareR4,Wisconsin,54901
longTermCareR4,Wisconsin,54820
longTermCareR4,Wisconsin,53114
longTermCareR4,Wisconsin,54435
longTermCareR4,Wisconsin,54801
longTermCareR4,Wisconsin,53110
longTermCareR4,Wisconsin,54409
longTermCareR4,Wisconsin,53502
longTermCareR4,Wisconsin,54404
longTermCareR4,Wisconsin,54406
longTermCareR4,Wisconsin,54103
longTermCareR4,Wisconsin,54433
longTermCareR4,Wisconsin,54120
longTermCareR4,Wisconsin,53555
longTermCareR4,Wisconsin,54201
longTermCareR4,Wisconsin,53014
longTermCareR4,Wisconsin,54512
longTermCareR4,Wisconsin,53003
longTermCareR4,Wisconsin,54106
longTermCareR4,Wisconsin,54003
longTermCareR4,Wisconsin,54405
longTermCareR4,Wisconsin,53561
longTermCareR4,Wisconsin,54619
longTermCareR4,Wisconsin,54728
longTermCareR4,Wisconsin,54202
longTermCareR4,Wisconsin,54107
longTermCareR4,Wisconsin,53005
longTermCareR4,Wisconsin,53015
longTermCareR4,Wisconsin,54101
longTermCareR4,Wisconsin,54814
longTermCareR4,Wisconsin,54828
longTermCareR4,Wisconsin,54102
longTermCareR4,Wisconsin,53002
longTermCareR4,Wisconsin,53501
longTermCareR4,Wisconsin,54514
longTermCareR4,Wisconsin,54463
longTermCareR4,West Virginia,25022
longTermCareR4,West Virginia,26138
longTermCareR4,West Virginia,26238
longTermCareR4,West Virginia,25401
longTermCareR4,West Virginia,24801
longTermCareR4,West Virginia,26148
longTermCareR4,West Virginia,24901
longTermCareR4,West Virginia,26260
longTermCareR4,West Virginia,25410
longTermCareR4,West Virginia,26201
longTermCareR4,West Virginia,26030
longTermCareR4,West Virginia,26335
longTermCareR4,West Virginia,26224
longTermCareR4,West Virginia,24701
longTermCareR4,West Virginia,26374
longTermCareR4,West Virginia,25504
longTermCareR4,West Virginia,26034
longTermCareR4,West Virginia,25005
longTermCareR4,West Virginia,24851
longTermCareR4,West Virginia,26802
longTermCareR4,West Virginia,26339
longTermCareR4,West Virginia,24918
longTermCareR4,West Virginia,25007
longTermCareR4,West Virginia,26501
longTermCareR4,West Virginia,26554
longTermCareR4,West Virginia,25003
longTermCareR4,West Virginia,25011
longTermCareR4,West Virginia,26146
longTermCareR4,West Virginia,26031
longTermCareR4,West Virginia,25411
longTermCareR4,West Virginia,25234
longTermCareR4,West Virginia,26203
longTermCareR4,West Virginia,26801
longTermCareR4,West Virginia,25002
longTermCareR4,West Virginia,25009
longTermCareR4,West Virginia,26321
longTermCareR4,West Virginia,25019
longTermCareR4,West Virginia,26707
longTermCareR4,West Virginia,26134
longTermCareR4,West Virginia,25267
longTermCareR4,West Virginia,26003
longTermCareR4,West Virginia,26301
longTermCareR4,West Virginia,26101
longTermCareR4,West Virginia,25231
longTermCareR4,West Virginia,24935
longTermCareR4,West Virginia,26347
longTermCareR4,West Virginia,25059
longTermCareR4,West Virginia,24915
longTermCareR4,West Virginia,24716
longTermCareR4,West Virginia,25431
longTermCareR4,West Virginia,26155
longTermCareR4,West Virginia,26710
longTermCareR4,West Virginia,25507
longTermCareR4,West Virginia,25501
longTermCareR4,West Virginia,25106
longTermCareR4,Wyoming,82301
longTermCareR4,Wyoming,82701
longTermCareR4,Wyoming,82430
longTermCareR4,Wyoming,82224
longTermCareR4,Wyoming,82639
longTermCareR4,Wyoming,82322
longTermCareR4,Wyoming,83101
longTermCareR4,Wyoming,82201
longTermCareR4,Wyoming,82222
longTermCareR4,Wyoming,82190
longTermCareR4,Wyoming,82051
longTermCareR4,Wyoming,82922
longTermCareR4,Wyoming,82310
longTermCareR4,Wyoming,82801
longTermCareR4,Wyoming,82710
longTermCareR4,Wyoming,82401
longTermCareR4,Wyoming,82716
longTermCareR4,Wyoming,82212
longTermCareR4,Wyoming,82410
longTermCareR4,Wyoming,82601
longTermCareR4,Wyoming,82001
longTermCareR4,Wyoming,83001
longTermCareR4,Wyoming,82930
